"model","method","p","n","rho","B","coverage","avg_width","median_width","lower_zero_rate","mean_p_hat","sd_p_hat","mean_defaults","sd_defaults"
"independent","Wald",0.001,5000,0,10000,0.8719,0.00167676287317714,0.00175216833937232,0.2577,0.0010053,0.000447352123491371,5.0265,2.23676061745686
"independent","Clopper_Pearson",0.001,5000,0,10000,0.979,0.0019695294807799,0.00200733611636777,0.0063,0.0010053,0.000447352123491371,5.0265,2.23676061745686
"independent","Wilson",0.001,5000,0,10000,0.9586,0.00188075364493205,0.00191173955894941,0,0.0010053,0.000447352123491371,5.0265,2.23676061745686
"independent","Agresti_Coull",0.001,5000,0,10000,0.9586,0.00203219156135689,0.00205944377452744,0.0386,0.0010053,0.000447352123491371,5.0265,2.23676061745686
"vasicek","Wald",0.001,5000,0.01,10000,0.7818,0.00161825072062026,0.00175216833937232,0.3359,0.00098814,0.000558002219572382,4.9407,2.79001109786191
"vasicek","Clopper_Pearson",0.001,5000,0.01,10000,0.9414,0.00193123735418186,0.00200733611636777,0.0207,0.00098814,0.000558002219572382,4.9407,2.79001109786191
"vasicek","Wilson",0.001,5000,0.01,10000,0.9139,0.00184733395065774,0.00191173955894941,0,0.00098814,0.000558002219572382,4.9407,2.79001109786191
"vasicek","Agresti_Coull",0.001,5000,0.01,10000,0.9139,0.00199964209472916,0.00205944377452744,0.0835,0.00098814,0.000558002219572382,4.9407,2.79001109786191
"vasicek","Wald",0.001,5000,0.05,10000,0.5649,0.00149363843791959,0.0015673438736691,0.4709,0.00099546,0.000935336770306497,4.9773,4.67668385153249
"vasicek","Clopper_Pearson",0.001,5000,0.05,10000,0.8075,0.00185620139445741,0.00182902483867165,0.0858,0.00099546,0.000935336770306497,4.9773,4.67668385153249
"vasicek","Wilson",0.001,5000,0.05,10000,0.7789,0.0017843853253908,0.00174417966974191,0,0.00099546,0.000935336770306497,4.9773,4.67668385153249
"vasicek","Agresti_Coull",0.001,5000,0.05,10000,0.7789,0.00193616403559149,0.00190504423112638,0.2096,0.00099546,0.000935336770306497,4.9773,4.67668385153249
"vasicek","Wald",0.001,5000,0.1,10000,0.4142,0.00134123279149808,0.00127874772445158,0.5763,0.00099782,0.00142688852006205,4.9891,7.13444260031025
"vasicek","Clopper_Pearson",0.001,5000,0.1,10000,0.6918,0.00175718224348035,0.00162869208292674,0.184,0.00099782,0.00142688852006205,4.9891,7.13444260031025
"vasicek","Wilson",0.001,5000,0.1,10000,0.6705,0.001699311921291,0.00155863139433436,0,0.00099782,0.00142688852006205,4.9891,7.13444260031025
"vasicek","Agresti_Coull",0.001,5000,0.1,10000,0.6705,0.00185028231923186,0.0017369033067742,0.348,0.00099782,0.00142688852006205,4.9891,7.13444260031025
"vasicek","Wald",0.001,5000,0.2,10000,0.2636,0.00109592553385512,0.00059195359566816,0.6993,0.00099484,0.00244798787555492,4.9742,12.2399393777746
"vasicek","Clopper_Pearson",0.001,5000,0.2,10000,0.528,0.00158880181887776,0.00110875583155692,0.3528,0.00099484,0.00244798787555492,4.9742,12.2399393777746
"vasicek","Wilson",0.001,5000,0.2,10000,0.5153,0.00155164969978258,0.00109678329740037,0,0.00099484,0.00244798787555492,4.9742,12.2399393777746
"vasicek","Agresti_Coull",0.001,5000,0.2,10000,0.5153,0.00170261744410056,0.00125290898005159,0.5311,0.00099484,0.00244798787555492,4.9742,12.2399393777746
"vasicek","Wald",0.001,5000,0.25,10000,0.2181,0.000987095332109163,0.00059195359566816,0.7346,0.00095578,0.00263326071588056,4.7789,13.1663035794028
"vasicek","Clopper_Pearson",0.001,5000,0.25,10000,0.4527,0.00151083825874334,0.00110875583155692,0.4345,0.00095578,0.00263326071588056,4.7789,13.1663035794028
"vasicek","Wilson",0.001,5000,0.25,10000,0.4403,0.00148180931674016,0.00109678329740037,0,0.00095578,0.00263326071588056,4.7789,13.1663035794028
"vasicek","Agresti_Coull",0.001,5000,0.25,10000,0.4403,0.00163287388733878,0.00125290898005159,0.5943,0.00095578,0.00263326071588056,4.7789,13.1663035794028
"independent","Wald",0.001,10000,0,10000,0.9236,0.00122496211395148,0.00123897011455054,0.0095,0.00100496,0.000320283712613765,10.0496,3.20283712613765
"independent","Clopper_Pearson",0.001,10000,0,10000,0.9745,0.00134592969514527,0.00135862441043954,0,0.00100496,0.000320283712613765,10.0496,3.20283712613765
"independent","Wilson",0.001,10000,0,10000,0.9612,0.00128533833765658,0.00129665840094075,0,0.00100496,0.000320283712613765,10.0496,3.20283712613765
"independent","Agresti_Coull",0.001,10000,0,10000,0.9612,0.00134243074048024,0.00135208436575406,4e-04,0.00100496,0.000320283712613765,10.0496,3.20283712613765
"vasicek","Wald",0.001,10000,0.01,10000,0.791,0.00119846844655564,0.00117544908132678,0.0508,0.00099528,0.000465034780779603,9.9528,4.65034780779603
"vasicek","Clopper_Pearson",0.001,10000,0.01,10000,0.8838,0.00132313792446598,0.00129617247998892,0.001,0.00099528,0.000465034780779603,9.9528,4.65034780779603
"vasicek","Wilson",0.001,10000,0.01,10000,0.8615,0.00126444812323193,0.00123615305243937,0.001,0.00099528,0.000465034780779603,9.9528,4.65034780779603
"vasicek","Agresti_Coull",0.001,10000,0.01,10000,0.8615,0.0013235804686747,0.00129419563423365,0.0059,0.00099528,0.000465034780779603,9.9528,4.65034780779603
"vasicek","Wald",0.001,10000,0.05,10000,0.5004,0.00111780600757002,0.00110827948152261,0.2157,0.00100571,0.000911522618067333,10.0571,9.11522618067333
"vasicek","Clopper_Pearson",0.001,10000,0.05,10000,0.6299,0.00126183949632603,0.00123026262836937,0.0242,0.00100571,0.000911522618067333,10.0571,9.11522618067333
"vasicek","Wilson",0.001,10000,0.05,10000,0.6131,0.00121002701529044,0.00117251653348975,0.0242,0.00100571,0.000911522618067333,10.0571,9.11522618067333
"vasicek","Agresti_Coull",0.001,10000,0.05,10000,0.6131,0.00127376159592185,0.00123358090571349,0.0732,0.00100571,0.000911522618067333,10.0571,9.11522618067333
"vasicek","Wald",0.001,10000,0.1,10000,0.349,0.00100954640350067,0.000876303382543258,0.3646,0.00099794,0.00139013920349744,9.9794,13.9013920349744
"vasicek","Clopper_Pearson",0.001,10000,0.1,10000,0.478,0.00117911793331745,0.00100407627486775,0.0838,0.00099794,0.00139013920349744,9.9794,13.9013920349744
"vasicek","Wilson",0.001,10000,0.1,10000,0.463,0.00113563790268461,0.000956437519978267,0.0838,0.00099794,0.00139013920349744,9.9794,13.9013920349744
"vasicek","Agresti_Coull",0.001,10000,0.1,10000,0.463,0.00120265094118074,0.00103047377796174,0.19,0.00099794,0.00139013920349744,9.9794,13.9013920349744
"vasicek","Wald",0.001,10000,0.2,10000,0.2159,0.000834350386811059,0.000639424795045143,0.5514,0.00102153,0.00253825013158141,10.2153,25.3825013158141
"vasicek","Clopper_Pearson",0.001,10000,0.2,10000,0.3032,0.00104872557556397,0.000814603036765614,0.252,0.00102153,0.00253825013158141,10.2153,25.3825013158141
"vasicek","Wilson",0.001,10000,0.2,10000,0.2959,0.00101862262554925,0.000779703572818569,0.252,0.00102153,0.00253825013158141,10.2153,25.3825013158141
"vasicek","Agresti_Coull",0.001,10000,0.2,10000,0.2959,0.00108885093427612,0.000868998828006601,0.3853,0.00102153,0.00253825013158141,10.2153,25.3825013158141
"vasicek","Wald",0.001,10000,0.25,10000,0.1774,0.000742580769443405,0.000477153045407406,0.6197,0.00098292,0.00306976100321535,9.8292,30.6976100321535
"vasicek","Clopper_Pearson",0.001,10000,0.25,10000,0.2485,0.000977119947792266,0.000698058212083286,0.3377,0.00098292,0.00306976100321535,9.8292,30.6976100321535
"vasicek","Wilson",0.001,10000,0.25,10000,0.2415,0.000953015652553477,0.000674146916686609,0.3377,0.00098292,0.00306976100321535,9.8292,30.6976100321535
"vasicek","Agresti_Coull",0.001,10000,0.25,10000,0.2415,0.00102430154470597,0.000775728236342961,0.4767,0.00098292,0.00306976100321535,9.8292,30.6976100321535
"independent","Wald",0.001,25000,0,10000,0.9432,0.000778327807769112,0.000783593502971885,0,0.000996952,0.000201577511258832,24.9238,5.0394377814708
"independent","Clopper_Pearson",0.001,25000,0,10000,0.9531,0.00082342031135318,0.00082859721841772,0,0.000996952,0.000201577511258832,24.9238,5.0394377814708
"independent","Wilson",0.001,25000,0,10000,0.941,0.000793384152661764,0.000798394487831967,0,0.000996952,0.000201577511258832,24.9238,5.0394377814708
"independent","Agresti_Coull",0.001,25000,0,10000,0.941,0.000808203499630607,0.000812981833297822,0,0.000996952,0.000201577511258832,24.9238,5.0394377814708
"vasicek","Wald",0.001,25000,0.01,10000,0.6879,0.000768495521018932,0.0007677770696672,7e-04,0.000999648,0.000392326277588959,24.9912,9.80815693972397
"vasicek","Clopper_Pearson",0.001,25000,0.01,10000,0.7037,0.000813827801197262,0.000812885424546059,0,0.000999648,0.000392326277588959,24.9912,9.80815693972397
"vasicek","Wilson",0.001,25000,0.01,10000,0.6837,0.000784212023050037,0.000782881950197891,0,0.000999648,0.000392326277588959,24.9912,9.80815693972397
"vasicek","Agresti_Coull",0.001,25000,0.01,10000,0.6837,0.00079960627303016,0.000797755363264894,0,0.000999648,0.000392326277588959,24.9912,9.80815693972397
"vasicek","Wald",0.001,25000,0.05,10000,0.3653,0.000719259685576244,0.000683203030100154,0.0401,0.000990384,0.000866057999322112,24.7596,21.6514499830528
"vasicek","Clopper_Pearson",0.001,25000,0.05,10000,0.3838,0.000766955666780795,0.000728951139285906,0.0028,0.000990384,0.000866057999322112,24.7596,21.6514499830528
"vasicek","Wilson",0.001,25000,0.05,10000,0.3735,0.000739478334715832,0.000700161840814199,0.0028,0.000990384,0.000866057999322112,24.7596,21.6514499830528
"vasicek","Agresti_Coull",0.001,25000,0.05,10000,0.3735,0.000757498891490644,0.00071676699319788,0.0087,0.000990384,0.000866057999322112,24.7596,21.6514499830528
"vasicek","Wald",0.001,25000,0.1,10000,0.2394,0.00066969230980527,0.000586516803933533,0.1473,0.00102372,0.00144349009278374,25.593,36.0872523195934
"vasicek","Clopper_Pearson",0.001,25000,0.1,10000,0.2537,0.000723398016896186,0.000633216565208571,0.0222,0.00102372,0.00144349009278374,25.593,36.0872523195934
"vasicek","Wilson",0.001,25000,0.1,10000,0.2454,0.000698842211079631,0.000606217702771523,0.0222,0.00102372,0.00144349009278374,25.593,36.0872523195934
"vasicek","Agresti_Coull",0.001,25000,0.1,10000,0.2454,0.000719399218854692,0.000625337570792402,0.0609,0.00102372,0.00144349009278374,25.593,36.0872523195934
"vasicek","Wald",0.001,25000,0.2,10000,0.143,0.000547609021092132,0.000414788100007281,0.3719,0.000998312,0.00245698909036956,24.9578,61.4247272592389
"vasicek","Clopper_Pearson",0.001,25000,0.2,10000,0.152,0.000618511754167894,0.000464239678300438,0.1404,0.000998312,0.00245698909036956,24.9578,61.4247272592389
"vasicek","Wilson",0.001,25000,0.2,10000,0.1479,0.00060043280715233,0.000442266821673793,0.1404,0.000998312,0.00245698909036956,24.9578,61.4247272592389
"vasicek","Agresti_Coull",0.001,25000,0.2,10000,0.1479,0.000624573453406779,0.000468159722371821,0.2422,0.000998312,0.00245698909036956,24.9578,61.4247272592389
"vasicek","Wald",0.001,25000,0.25,10000,0.1169,0.000503789605531271,0.000313569148983825,0.4554,0.001027532,0.00352666520749058,25.6883,88.1666301872645
"vasicek","Clopper_Pearson",0.001,25000,0.25,10000,0.1243,0.000582513896893588,0.000366016129931133,0.2132,0.001027532,0.00352666520749058,25.6883,88.1666301872645
"vasicek","Wilson",0.001,25000,0.25,10000,0.1203,0.000567024572629331,0.000349140424614281,0.2132,0.001027532,0.00352666520749058,25.6883,88.1666301872645
"vasicek","Agresti_Coull",0.001,25000,0.25,10000,0.1203,0.000592184307671012,0.000381423574543473,0.3224,0.001027532,0.00352666520749058,25.6883,88.1666301872645
"independent","Wald",0.001,50000,0,10000,0.9459,0.000552006014947609,0.000554084279645141,0,0.000997602,0.000141858457549058,49.8801,7.09292287745289
"independent","Clopper_Pearson",0.001,50000,0,10000,0.9512,0.000573795725978986,0.000575857888870404,0,0.000997602,0.000141858457549058,49.8801,7.09292287745289
"independent","Wilson",0.001,50000,0,10000,0.9437,0.00055731125545892,0.000559342502657576,0,0.000997602,0.000141858457549058,49.8801,7.09292287745289
"independent","Agresti_Coull",0.001,50000,0,10000,0.9437,0.000562585829631027,0.000564572241161435,0,0.000997602,0.000141858457549058,49.8801,7.09292287745289
"vasicek","Wald",0.001,50000,0.01,10000,0.5446,0.000543371491583115,0.00053722077237862,0,0.000994762,0.000370782134541471,49.7381,18.5391067270735
"vasicek","Clopper_Pearson",0.001,50000,0.01,10000,0.5564,0.000565244968078181,0.000559051089856628,0,0.000994762,0.000370782134541471,49.7381,18.5391067270735
"vasicek","Wilson",0.001,50000,0.01,10000,0.5435,0.000548920799862801,0.000542645033229555,0,0.000994762,0.000370782134541471,49.7381,18.5391067270735
"vasicek","Agresti_Coull",0.001,50000,0.01,10000,0.5435,0.000554426351986233,0.000548035423926893,0,0.000994762,0.000370782134541471,49.7381,18.5391067270735
"vasicek","Wald",0.001,50000,0.05,10000,0.2587,0.000512856563626251,0.000476703341248071,0.0066,0.001002514,0.000885420643974195,50.1257,44.2710321987097
"vasicek","Clopper_Pearson",0.001,50000,0.05,10000,0.2653,0.000535223010347479,0.000498769576175804,4e-04,0.001002514,0.000885420643974195,50.1257,44.2710321987097
"vasicek","Wilson",0.001,50000,0.05,10000,0.2606,0.000519652137452369,0.00048281774695373,4e-04,0.001002514,0.000885420643974195,50.1257,44.2710321987097
"vasicek","Agresti_Coull",0.001,50000,0.05,10000,0.2606,0.00052619653441712,0.000488873075267714,0.0012,0.001002514,0.000885420643974195,50.1257,44.2710321987097
"vasicek","Wald",0.001,50000,0.1,10000,0.1721,0.000473257657982529,0.000414730009341262,0.0612,0.00099326,0.00133646874534002,49.663,66.823437267001
"vasicek","Clopper_Pearson",0.001,50000,0.1,10000,0.177,0.00049728687043005,0.000437107829447515,0.0076,0.00099326,0.00133646874534002,49.663,66.823437267001
"vasicek","Wilson",0.001,50000,0.1,10000,0.1732,0.000482940400709476,0.000421753920855159,0.0076,0.00099326,0.00133646874534002,49.663,66.823437267001
"vasicek","Agresti_Coull",0.001,50000,0.1,10000,0.1732,0.000490879487578878,0.000428677641313307,0.0218,0.00099326,0.00133646874534002,49.663,66.823437267001
"vasicek","Wald",0.001,50000,0.2,10000,0.0987,0.000395307637767763,0.000282633276280652,0.2479,0.000999266,0.00241577798225954,49.9633,120.788899112977
"vasicek","Clopper_Pearson",0.001,50000,0.2,10000,0.1028,0.000425931329901089,0.000306120798806325,0.082,0.000999266,0.00241577798225954,49.9633,120.788899112977
"vasicek","Wilson",0.001,50000,0.2,10000,0.1001,0.000414606730800934,0.000292867053892397,0.082,0.000999266,0.00241577798225954,49.9633,120.788899112977
"vasicek","Agresti_Coull",0.001,50000,0.2,10000,0.1001,0.000424897009066031,0.000302764491789206,0.1458,0.000999266,0.00241577798225954,49.9633,120.788899112977
"vasicek","Wald",0.001,50000,0.25,10000,0.0784,0.000350905453168702,0.000221726871617357,0.3629,0.000972844,0.00298738177617988,48.6422,149.369088808994
"vasicek","Clopper_Pearson",0.001,50000,0.25,10000,0.082,0.000386396187344718,0.000246160216983013,0.1577,0.000972844,0.00298738177617988,48.6422,149.369088808994
"vasicek","Wilson",0.001,50000,0.25,10000,0.0806,0.00037690571948028,0.000234642425069175,0.1577,0.000972844,0.00298738177617988,48.6422,149.369088808994
"vasicek","Agresti_Coull",0.001,50000,0.25,10000,0.0806,0.000388183185785915,0.000246889962186599,0.2487,0.000972844,0.00298738177617988,48.6422,149.369088808994
"independent","Wald",0.001,1e+05,0,10000,0.9456,0.000391574960759376,0.000391796751485942,0,0.001001388,0.000100138185631767,100.1388,10.0138185631767
"independent","Clopper_Pearson",0.001,1e+05,0,10000,0.9556,0.000402204890515111,0.000402424713677472,0,0.001001388,0.000100138185631767,100.1388,10.0138185631767
"independent","Wilson",0.001,1e+05,0,10000,0.9494,0.000393444337877383,0.000393660346915382,0,0.001001388,0.000100138185631767,100.1388,10.0138185631767
"independent","Agresti_Coull",0.001,1e+05,0,10000,0.9494,0.000395312162725397,0.000395522544402491,0,0.001001388,0.000100138185631767,100.1388,10.0138185631767
"vasicek","Wald",0.001,1e+05,0.01,10000,0.4121,0.00038549433842746,0.000381885792512565,0,0.000998529,0.000356480594142795,99.8529,35.6480594142795
"vasicek","Clopper_Pearson",0.001,1e+05,0.01,10000,0.429,0.000396153589482572,0.000392530390140354,0,0.000998529,0.000356480594142795,99.8529,35.6480594142795
"vasicek","Wilson",0.001,1e+05,0.01,10000,0.4214,0.000387449813453582,0.000383798282785126,0,0.000998529,0.000356480594142795,99.8529,35.6480594142795
"vasicek","Agresti_Coull",0.001,1e+05,0.01,10000,0.4214,0.000389401349714871,0.000385708479026,0,0.000998529,0.000356480594142795,99.8529,35.6480594142795
"vasicek","Wald",0.001,1e+05,0.05,10000,0.1862,0.00036375615139083,0.000343839828466668,8e-04,0.000999867,0.000852867276057686,99.9867,85.2867276057686
"vasicek","Clopper_Pearson",0.001,1e+05,0.05,10000,0.1953,0.00037455864320867,0.000354557056576248,1e-04,0.000999867,0.000852867276057686,99.9867,85.2867276057686
"vasicek","Wilson",0.001,1e+05,0.05,10000,0.1911,0.000366118233312771,0.000345965767365357,1e-04,0.000999867,0.000852867276057686,99.9867,85.2867276057686
"vasicek","Agresti_Coull",0.001,1e+05,0.05,10000,0.1911,0.000368450427489368,0.000348085164367506,2e-04,0.000999867,0.000852867276057686,99.9867,85.2867276057686
"vasicek","Wald",0.001,1e+05,0.1,10000,0.126,0.000337208737179931,0.000295863714424382,0.0211,0.001014507,0.00142147689978018,101.4507,142.147689978018
"vasicek","Clopper_Pearson",0.001,1e+05,0.1,10000,0.1308,0.000348435866129487,0.000306698759315012,0.0021,0.001014507,0.00142147689978018,101.4507,142.147689978018
"vasicek","Wilson",0.001,1e+05,0.1,10000,0.1281,0.000340476527208246,0.000298335683167341,0.0021,0.001014507,0.00142147689978018,101.4507,142.147689978018
"vasicek","Agresti_Coull",0.001,1e+05,0.1,10000,0.1281,0.000343438783902528,0.000300792832596889,0.0067,0.001014507,0.00142147689978018,101.4507,142.147689978018
"vasicek","Wald",0.001,1e+05,0.2,10000,0.0721,0.000283389075502135,0.00020739405000364,0.1533,0.000985159,0.0022210887281315,98.5159,222.10887281315
"vasicek","Clopper_Pearson",0.001,1e+05,0.2,10000,0.0745,0.000296990702465327,0.0002185869552102,0.0488,0.000985159,0.0022210887281315,98.5159,222.10887281315
"vasicek","Wilson",0.001,1e+05,0.2,10000,0.0727,0.000290344700366047,0.000210913619253639,0.0488,0.000985159,0.0022210887281315,98.5159,222.10887281315
"vasicek","Agresti_Coull",0.001,1e+05,0.2,10000,0.0727,0.000294530181973842,0.00021437913428031,0.0893,0.000985159,0.0022210887281315,98.5159,222.10887281315
"vasicek","Wald",0.001,1e+05,0.25,10000,0.0555,0.000254433139569486,0.000161609032093888,0.2477,0.000990825,0.00322659905527807,99.0825,322.659905527807
"vasicek","Clopper_Pearson",0.001,1e+05,0.25,10000,0.0587,0.000269927653609828,0.000173138277396442,0.1009,0.000990825,0.00322659905527807,99.0825,322.659905527807
"vasicek","Wilson",0.001,1e+05,0.25,10000,0.0571,0.000264115251419786,0.000166105508649884,0.1009,0.000990825,0.00322659905527807,99.0825,322.659905527807
"vasicek","Agresti_Coull",0.001,1e+05,0.25,10000,0.0571,0.000268902997188753,0.000170486208722078,0.1628,0.000990825,0.00322659905527807,99.0825,322.659905527807
"independent","Wald",0.005,5000,0,10000,0.9451,0.00389027469464855,0.00391011586866203,0,0.0050019,0.00101303060817594,25.0095,5.06515304087969
"independent","Clopper_Pearson",0.005,5000,0,10000,0.9533,0.00411448959997559,0.00413392414742532,0,0.0050019,0.00101303060817594,25.0095,5.06515304087969
"independent","Wilson",0.005,5000,0,10000,0.942,0.00396314386634593,0.00398182201940016,0,0.0050019,0.00101303060817594,25.0095,5.06515304087969
"independent","Agresti_Coull",0.005,5000,0,10000,0.942,0.0040360220716454,0.00405365280062235,0,0.0050019,0.00101303060817594,25.0095,5.06515304087969
"vasicek","Wald",0.005,5000,0.01,10000,0.7421,0.00384233113249679,0.00383150050273811,1e-04,0.0049807,0.00174599895797109,24.9035,8.72999478985544
"vasicek","Clopper_Pearson",0.005,5000,0.01,10000,0.7567,0.00406746788099138,0.00405585415372622,0,0.0049807,0.00174599895797109,24.9035,8.72999478985544
"vasicek","Wilson",0.005,5000,0.01,10000,0.7375,0.0039177952335235,0.00390477024852591,0,0.0049807,0.00174599895797109,24.9035,8.72999478985544
"vasicek","Agresti_Coull",0.005,5000,0.01,10000,0.7375,0.00399297163468664,0.00397805123666818,0,0.0049807,0.00174599895797109,24.9035,8.72999478985544
"vasicek","Wald",0.005,5000,0.05,10000,0.4215,0.00365218094273835,0.00349907095574187,0.0226,0.00492092,0.00353680381866526,24.6046,17.6840190933263
"vasicek","Clopper_Pearson",0.005,5000,0.05,10000,0.4425,0.00388475351707937,0.00372598384402137,8e-04,0.00492092,0.00353680381866526,24.6046,17.6840190933263
"vasicek","Wilson",0.005,5000,0.05,10000,0.4298,0.0037429628827116,0.00357967489192712,0,0.00492092,0.00353680381866526,24.6046,17.6840190933263
"vasicek","Agresti_Coull",0.005,5000,0.05,10000,0.4298,0.00382819295979767,0.00365972693244791,0.0038,0.00492092,0.00353680381866526,24.6046,17.6840190933263
"vasicek","Wald",0.005,5000,0.1,10000,0.2906,0.00345314613815052,0.00322695555920968,0.0983,0.0049885,0.00544678974276134,24.9425,27.2339487138067
"vasicek","Clopper_Pearson",0.005,5000,0.1,10000,0.3069,0.00370605407811067,0.00345633155308297,0.0118,0.0049885,0.00544678974276134,24.9425,27.2339487138067
"vasicek","Wilson",0.005,5000,0.1,10000,0.2978,0.00357534382671946,0.00331460798017185,0,0.0049885,0.00544678974276134,24.9425,27.2339487138067
"vasicek","Agresti_Coull",0.005,5000,0.1,10000,0.2978,0.00367125530917484,0.00340111127199123,0.0348,0.0049885,0.00544678974276134,24.9425,27.2339487138067
"vasicek","Wald",0.005,5000,0.2,10000,0.1847,0.00301431837221095,0.00247669970825782,0.2715,0.00500406,0.00893772184639802,25.0203,44.6886092319901
"vasicek","Clopper_Pearson",0.005,5000,0.2,10000,0.195,0.00332854501569241,0.00271550416311187,0.0851,0.00500406,0.00893772184639802,25.0203,44.6886092319901
"vasicek","Wilson",0.005,5000,0.2,10000,0.1898,0.00322241811786723,0.00259113741538913,0,0.00500406,0.00893772184639802,25.0203,44.6886092319901
"vasicek","Agresti_Coull",0.005,5000,0.2,10000,0.1898,0.00333393393038199,0.00270151902386561,0.16,0.00500406,0.00893772184639802,25.0203,44.6886092319901
"vasicek","Wald",0.005,5000,0.25,10000,0.1478,0.0027795451976105,0.00207277844251299,0.3581,0.00501204,0.0112738975121699,25.0602,56.3694875608497
"vasicek","Clopper_Pearson",0.005,5000,0.25,10000,0.157,0.00312988182916626,0.00231934232851376,0.1403,0.00501204,0.0112738975121699,25.0602,56.3694875608497
"vasicek","Wilson",0.005,5000,0.25,10000,0.153,0.00303680833495188,0.00220888717570605,0,0.00501204,0.0112738975121699,25.0602,56.3694875608497
"vasicek","Agresti_Coull",0.005,5000,0.25,10000,0.153,0.00315479468229134,0.00233769182603383,0.2368,0.00501204,0.0112738975121699,25.0602,56.3694875608497
"independent","Wald",0.005,10000,0,10000,0.9493,0.00275766337091093,0.00276486944595605,0,0.00499903,0.000701552048409569,49.9903,7.01552048409569
"independent","Clopper_Pearson",0.005,10000,0,10000,0.9537,0.00286618385599908,0.00287332024952443,0,0.00499903,0.000701552048409569,49.9903,7.01552048409569
"independent","Wilson",0.005,10000,0,10000,0.9454,0.00278335260856963,0.00279035624529338,0,0.00499903,0.000701552048409569,49.9903,7.01552048409569
"independent","Agresti_Coull",0.005,10000,0,10000,0.9454,0.00280931172825939,0.00281612373294098,0,0.00499903,0.000701552048409569,49.9903,7.01552048409569
"vasicek","Wald",0.005,10000,0.01,10000,0.6054,0.00273328281492345,0.00270927998760578,0,0.00501789,0.0016451485037102,50.1789,16.451485037102
"vasicek","Clopper_Pearson",0.005,10000,0.01,10000,0.6134,0.00284208681964066,0.00281792476791382,0,0.00501789,0.0016451485037102,50.1789,16.451485037102
"vasicek","Wilson",0.005,10000,0.01,10000,0.6006,0.00275979504783286,0.00273532751861387,0,0.00501789,0.0016451485037102,50.1789,16.451485037102
"vasicek","Agresti_Coull",0.005,10000,0.01,10000,0.6006,0.0027865295616027,0.00276162964580186,0,0.00501789,0.0016451485037102,50.1789,16.451485037102
"vasicek","Wald",0.005,10000,0.05,10000,0.3067,0.00260928602044252,0.00250482783776211,0.0035,0.00499501,0.0035586630225621,49.9501,35.586630225621
"vasicek","Clopper_Pearson",0.005,10000,0.05,10000,0.315,0.00271981354530836,0.00261425564175374,0,0.00499501,0.0035586630225621,49.9501,35.586630225621
"vasicek","Wilson",0.005,10000,0.05,10000,0.3079,0.00264032633505357,0.00253314027134564,0,0.00499501,0.0035586630225621,49.9501,35.586630225621
"vasicek","Agresti_Coull",0.005,10000,0.05,10000,0.3079,0.00267097042823852,0.0025615991767626,5e-04,0.00499501,0.0035586630225621,49.9501,35.586630225621
"vasicek","Wald",0.005,10000,0.1,10000,0.2128,0.00246370896519696,0.00224810859361671,0.034,0.0050309,0.00554333185393084,50.309,55.4333185393084
"vasicek","Clopper_Pearson",0.005,10000,0.1,10000,0.2199,0.00257924090075744,0.00235870983635083,0.0033,0.0050309,0.00554333185393084,50.309,55.4333185393084
"vasicek","Wilson",0.005,10000,0.1,10000,0.214,0.00250420565312377,0.0022798171621937,0.0033,0.0050309,0.00554333185393084,50.309,55.4333185393084
"vasicek","Agresti_Coull",0.005,10000,0.1,10000,0.214,0.00254029466329415,0.00231149847171206,0.0101,0.0050309,0.00554333185393084,50.309,55.4333185393084
"vasicek","Wald",0.005,10000,0.2,10000,0.1265,0.00217105953673256,0.00175129115867185,0.1612,0.00506945,0.00896132145532804,50.6945,89.6132145532804
"vasicek","Clopper_Pearson",0.005,10000,0.2,10000,0.1309,0.00230834683559772,0.00186508936789335,0.0455,0.00506945,0.00896132145532804,50.6945,89.6132145532804
"vasicek","Wilson",0.005,10000,0.2,10000,0.1284,0.00224440855410036,0.00179223895210732,0.0455,0.00506945,0.00896132145532804,50.6945,89.6132145532804
"vasicek","Agresti_Coull",0.005,10000,0.2,10000,0.1284,0.00229014312082505,0.00183257790042044,0.0883,0.00506945,0.00896132145532804,50.6945,89.6132145532804
"vasicek","Wald",0.005,10000,0.25,10000,0.1072,0.00200355835589521,0.00151704251076819,0.242,0.00505627,0.0114190046875332,50.5627,114.190046875332
"vasicek","Clopper_Pearson",0.005,10000,0.25,10000,0.1113,0.00215706033555706,0.00163304296759331,0.0907,0.00505627,0.0114190046875332,50.5627,114.190046875332
"vasicek","Wilson",0.005,10000,0.25,10000,0.1081,0.00209981246048141,0.00156432272437832,0.0907,0.00505627,0.0114190046875332,50.5627,114.190046875332
"vasicek","Agresti_Coull",0.005,10000,0.25,10000,0.1081,0.00214999078168655,0.00161047218235236,0.1516,0.00505627,0.0114190046875332,50.5627,114.190046875332
"independent","Wald",0.005,25000,0,10000,0.9523,0.00174853213056278,0.00174865697644579,0,0.005009188,0.00044140995110044,125.2297,11.035248777511
"independent","Clopper_Pearson",0.005,25000,0,10000,0.9536,0.00179068083623075,0.00179080109198609,0,0.005009188,0.00044140995110044,125.2297,11.035248777511
"independent","Wilson",0.005,25000,0,10000,0.9485,0.00175501410816191,0.00175512545405381,0,0.005009188,0.00044140995110044,125.2297,11.035248777511
"independent","Agresti_Coull",0.005,25000,0,10000,0.9485,0.0017616043482401,0.00176170250837107,0,0.005009188,0.00044140995110044,125.2297,11.035248777511
"vasicek","Wald",0.005,25000,0.01,10000,0.435,0.00172405186125467,0.00170637889106157,0,0.004973156,0.0015190848565976,124.3289,37.97712141494
"vasicek","Clopper_Pearson",0.005,25000,0.01,10000,0.4388,0.00176628388701446,0.00174858249252992,0,0.004973156,0.0015190848565976,124.3289,37.97712141494
"vasicek","Wilson",0.005,25000,0.01,10000,0.4323,0.0017307775923957,0.00171302012193946,0,0.004973156,0.0015190848565976,124.3289,37.97712141494
"vasicek","Agresti_Coull",0.005,25000,0.01,10000,0.4323,0.00173760492140239,0.00171976473437169,0,0.004973156,0.0015190848565976,124.3289,37.97712141494
"vasicek","Wald",0.005,25000,0.05,10000,0.2003,0.00164634898041495,0.00158033948394991,0,0.004946996,0.00350404657649196,123.6749,87.601164412299
"vasicek","Clopper_Pearson",0.005,25000,0.05,10000,0.203,0.00168894088703986,0.00162273825430536,0,0.004946996,0.00350404657649196,123.6749,87.601164412299
"vasicek","Wilson",0.005,25000,0.05,10000,0.1995,0.00165412552228814,0.00158754816660889,0,0.004946996,0.00350404657649196,123.6749,87.601164412299
"vasicek","Agresti_Coull",0.005,25000,0.05,10000,0.1995,0.00166196449606685,0.00159484344350425,0,0.004946996,0.00350404657649196,123.6749,87.601164412299
"vasicek","Wald",0.005,25000,0.1,10000,0.1367,0.00155183730230798,0.00142611647148467,0.006,0.004890016,0.00508990296085879,122.2504,127.24757402147
"vasicek","Clopper_Pearson",0.005,25000,0.1,10000,0.1384,0.00159520488940271,0.00146879855384415,3e-04,0.004890016,0.00508990296085879,122.2504,127.24757402147
"vasicek","Wilson",0.005,25000,0.1,10000,0.1368,0.00156153383008359,0.00143415025226876,3e-04,0.004890016,0.00508990296085879,122.2504,127.24757402147
"vasicek","Agresti_Coull",0.005,25000,0.1,10000,0.1368,0.00157097031385949,0.00144224636840884,0.0012,0.004890016,0.00508990296085879,122.2504,127.24757402147
"vasicek","Wald",0.005,25000,0.2,10000,0.0866,0.00136663547276227,0.00109650367553273,0.0735,0.004945052,0.00896540266590365,123.6263,224.135066647591
"vasicek","Clopper_Pearson",0.005,25000,0.2,10000,0.0864,0.00141494624093386,0.00114004615325543,0.0177,0.004945052,0.00896540266590365,123.6263,224.135066647591
"vasicek","Wilson",0.005,25000,0.2,10000,0.0854,0.00138486039999516,0.00110704766723525,0.0177,0.004945052,0.00896540266590365,123.6263,224.135066647591
"vasicek","Agresti_Coull",0.005,25000,0.2,10000,0.0854,0.00139830803039586,0.00111757321228479,0.0355,0.004945052,0.00896540266590365,123.6263,224.135066647591
"vasicek","Wald",0.005,25000,0.25,10000,0.0623,0.00127446408320355,0.000953053595405963,0.1361,0.004979164,0.0108561458175222,124.4791,271.403645438055
"vasicek","Clopper_Pearson",0.005,25000,0.25,10000,0.0633,0.00132759717824431,0.000997149740679368,0.0458,0.004979164,0.0108561458175222,124.4791,271.403645438055
"vasicek","Wilson",0.005,25000,0.25,10000,0.0625,0.00129993468592781,0.000965212782703455,0.0458,0.004979164,0.0108561458175222,124.4791,271.403645438055
"vasicek","Agresti_Coull",0.005,25000,0.25,10000,0.0625,0.00131542097335536,0.000977290243133048,0.0804,0.004979164,0.0108561458175222,124.4791,271.403645438055
"independent","Wald",0.005,50000,0,10000,0.9443,0.00123562632262867,0.00123648720601398,0,0.00499824,0.000320609640301326,249.912,16.0304820150663
"independent","Clopper_Pearson",0.005,50000,0,10000,0.9458,0.00125638672052494,0.00125724618345407,0,0.00499824,0.000320609640301326,249.912,16.0304820150663
"independent","Wilson",0.005,50000,0,10000,0.942,0.00123791990694603,0.00123877662425815,0,0.00499824,0.000320609640301326,249.912,16.0304820150663
"independent","Agresti_Coull",0.005,50000,0,10000,0.942,0.00124025633755202,0.00124110895966354,0,0.00499824,0.000320609640301326,249.912,16.0304820150663
"vasicek","Wald",0.005,50000,0.01,10000,0.3247,0.00122215350541349,0.00121162684447326,0,0.004993928,0.00149466447505964,249.6964,74.7332237529819
"vasicek","Clopper_Pearson",0.005,50000,0.01,10000,0.3255,0.00124294068675785,0.00123240326847693,0,0.004993928,0.00149466447505964,249.6964,74.7332237529819
"vasicek","Wilson",0.005,50000,0.01,10000,0.3203,0.00122452571216538,0.00121396699919884,0,0.004993928,0.00149466447505964,249.6964,74.7332237529819
"vasicek","Agresti_Coull",0.005,50000,0.01,10000,0.3203,0.00122693944267742,0.00121634882945457,0,0.004993928,0.00149466447505964,249.6964,74.7332237529819
"vasicek","Wald",0.005,50000,0.05,10000,0.1419,0.00117165980492649,0.0011256215509689,0,0.00500501,0.00350045931006749,250.2505,175.022965503374
"vasicek","Clopper_Pearson",0.005,50000,0.05,10000,0.1427,0.00119257027262953,0.00114646395184262,0,0.00500501,0.00350045931006749,250.2505,175.022965503374
"vasicek","Wilson",0.005,50000,0.05,10000,0.1408,0.00117439374132029,0.00112815381269071,0,0.00500501,0.00350045931006749,250.2505,175.022965503374
"vasicek","Agresti_Coull",0.005,50000,0.05,10000,0.1408,0.00117716149710154,0.00113072324871053,0,0.00500501,0.00350045931006749,250.2505,175.022965503374
"vasicek","Wald",0.005,50000,0.1,10000,0.0976,0.00111157907415079,0.00101745739770449,9e-04,0.00507855,0.00558485982307742,253.9275,279.242991153871
"vasicek","Clopper_Pearson",0.005,50000,0.1,10000,0.0978,0.00113271805257818,0.00103839781042262,0,0.00507855,0.00558485982307742,253.9275,279.242991153871
"vasicek","Wilson",0.005,50000,0.1,10000,0.0968,0.00111495104341218,0.00102027560972127,0,0.00507855,0.00558485982307742,253.9275,279.242991153871
"vasicek","Agresti_Coull",0.005,50000,0.1,10000,0.0968,0.00111831236272137,0.00102312470652839,4e-04,0.00507855,0.00558485982307742,253.9275,279.242991153871
"vasicek","Wald",0.005,50000,0.2,10000,0.0569,0.000979182124815916,0.000783201215836925,0.0388,0.005050296,0.00869970718604346,252.5148,434.985359302173
"vasicek","Clopper_Pearson",0.005,50000,0.2,10000,0.057,0.00100183138802253,0.000804442623471828,0.0074,0.005050296,0.00869970718604346,252.5148,434.985359302173
"vasicek","Wilson",0.005,50000,0.2,10000,0.056,0.000985464279933052,0.000786900067435177,0.0074,0.005050296,0.00869970718604346,252.5148,434.985359302173
"vasicek","Agresti_Coull",0.005,50000,0.2,10000,0.056,0.000990565249918329,0.000790611131788834,0.0174,0.005050296,0.00869970718604346,252.5148,434.985359302173
"vasicek","Wald",0.005,50000,0.25,10000,0.0466,0.000900137727080162,0.000664754694773279,0.0819,0.00497514,0.0114625523453997,248.757,573.127617269983
"vasicek","Clopper_Pearson",0.005,50000,0.25,10000,0.0465,0.000924437073720135,0.000686226380906202,0.0234,0.00497514,0.0114625523453997,248.757,573.127617269983
"vasicek","Wilson",0.005,50000,0.25,10000,0.0461,0.000909085454172477,0.00066912833302403,0.0234,0.00497514,0.0114625523453997,248.757,573.127617269983
"vasicek","Agresti_Coull",0.005,50000,0.25,10000,0.0461,0.000915200460450168,0.000673498437423515,0.0455,0.00497514,0.0114625523453997,248.757,573.127617269983
"independent","Wald",0.005,1e+05,0,10000,0.9473,0.000874137416939457,0.000874328488222893,0,0.005000337,0.000223314449522051,500.0337,22.3314449522051
"independent","Clopper_Pearson",0.005,1e+05,0,10000,0.9501,0.000884406162551805,0.000884597026939694,0,0.005000337,0.000223314449522051,500.0337,22.3314449522051
"independent","Wilson",0.005,1e+05,0,10000,0.9471,0.000874947894104523,0.000875138356966006,0,0.005000337,0.000223314449522051,500.0337,22.3314449522051
"independent","Agresti_Coull",0.005,1e+05,0,10000,0.9471,0.000875774345813514,0.000875964206866158,0,0.005000337,0.000223314449522051,500.0337,22.3314449522051
"vasicek","Wald",0.005,1e+05,0.01,10000,0.231,0.000863985124398541,0.000856749557994703,0,0.004991251,0.00149795641202948,499.1251,149.795641202948
"vasicek","Clopper_Pearson",0.005,1e+05,0.01,10000,0.235,0.000874263645327556,0.000867024269746742,0,0.004991251,0.00149795641202948,499.1251,149.795641202948
"vasicek","Wilson",0.005,1e+05,0.01,10000,0.2332,0.000864824327843512,0.000857577390941895,0,0.004991251,0.00149795641202948,499.1251,149.795641202948
"vasicek","Agresti_Coull",0.005,1e+05,0.01,10000,0.2332,0.000865679165568293,0.000858420816483752,0,0.004991251,0.00149795641202948,499.1251,149.795641202948
"vasicek","Wald",0.005,1e+05,0.05,10000,0.0976,0.000827597722199026,0.00079593463173983,0,0.005001315,0.00354097446344789,500.1315,354.097446344789
"vasicek","Clopper_Pearson",0.005,1e+05,0.05,10000,0.0998,0.000837920559904682,0.000806232689542551,0,0.005001315,0.00354097446344789,500.1315,354.097446344789
"vasicek","Wilson",0.005,1e+05,0.05,10000,0.0987,0.000828567219042381,0.000796830493784677,0,0.005001315,0.00354097446344789,500.1315,354.097446344789
"vasicek","Agresti_Coull",0.005,1e+05,0.05,10000,0.0987,0.000829550597611121,0.000797740567519583,0,0.005001315,0.00354097446344789,500.1315,354.097446344789
"vasicek","Wald",0.005,1e+05,0.1,10000,0.0655,0.000784854021681583,0.000711987114757342,1e-04,0.005046185,0.0055320861303373,504.6185,553.20861303373
"vasicek","Clopper_Pearson",0.005,1e+05,0.1,10000,0.0665,0.00079524931610395,0.000722323627126863,0,0.005046185,0.0055320861303373,504.6185,553.20861303373
"vasicek","Wilson",0.005,1e+05,0.1,10000,0.0663,0.000786035382217047,0.000712995283548605,0,0.005046185,0.0055320861303373,504.6185,553.20861303373
"vasicek","Agresti_Coull",0.005,1e+05,0.1,10000,0.0663,0.000787225462691295,0.000714015625741899,0,0.005046185,0.0055320861303373,504.6185,553.20861303373
"vasicek","Wald",0.005,1e+05,0.2,10000,0.0389,0.000692655396841675,0.000555186900126929,0.0156,0.005093945,0.00954874591565988,509.3945,954.874591565988
"vasicek","Clopper_Pearson",0.005,1e+05,0.2,10000,0.0394,0.000703463595078624,0.00056562507410658,0.0029,0.005093945,0.00954874591565988,509.3945,954.874591565988
"vasicek","Wilson",0.005,1e+05,0.2,10000,0.0392,0.000694752581838435,0.000556492930239631,0.0029,0.005093945,0.00954874591565988,509.3945,954.874591565988
"vasicek","Agresti_Coull",0.005,1e+05,0.2,10000,0.0392,0.000696624107987788,0.000557806465258336,0.0056,0.005093945,0.00954874591565988,509.3945,954.874591565988
"vasicek","Wald",0.005,1e+05,0.25,10000,0.0318,0.000631368084547793,0.000463487349975518,0.044,0.004803614,0.0104283610510197,480.3614,1042.83610510197
"vasicek","Clopper_Pearson",0.005,1e+05,0.25,10000,0.0328,0.00064275323417064,0.000474015870127703,0.0117,0.004803614,0.0104283610510197,480.3614,1042.83610510197
"vasicek","Wilson",0.005,1e+05,0.25,10000,0.0328,0.000634469756297284,0.000465058692288094,0.0117,0.004803614,0.0104283610510197,480.3614,1042.83610510197
"vasicek","Agresti_Coull",0.005,1e+05,0.25,10000,0.0328,0.000636822074456402,0.000466633524855313,0.0228,0.004803614,0.0104283610510197,480.3614,1042.83610510197
"independent","Wald",0.01,5000,0,10000,0.9465,0.00550126211714348,0.0055158275770638,0,0.00999796,0.00140603895143531,49.9898,7.03019475717653
"independent","Clopper_Pearson",0.01,5000,0,10000,0.9526,0.00571726792195699,0.00573169126079122,0,0.00999796,0.00140603895143531,49.9898,7.03019475717653
"independent","Wilson",0.01,5000,0,10000,0.9456,0.00555064730779754,0.00556480227826285,0,0.00999796,0.00140603895143531,49.9898,7.03019475717653
"independent","Agresti_Coull",0.01,5000,0,10000,0.9456,0.00560162216464327,0.00561539110193959,0,0.00999796,0.00140603895143531,49.9898,7.03019475717653
"vasicek","Wald",0.01,5000,0.01,10000,0.6443,0.00544742248028934,0.00540547691392709,0,0.00998064,0.00300137668688914,49.9032,15.0068834344457
"vasicek","Clopper_Pearson",0.01,5000,0.01,10000,0.652,0.00566396070271175,0.00562174791151213,0,0.00998064,0.00300137668688914,49.9032,15.0068834344457
"vasicek","Wilson",0.01,5000,0.01,10000,0.6385,0.00549834347453055,0.005455611874078,0,0.00998064,0.00300137668688914,49.9032,15.0068834344457
"vasicek","Agresti_Coull",0.01,5000,0.01,10000,0.6385,0.00555075633235351,0.00550728767597413,0,0.00998064,0.00300137668688914,49.9032,15.0068834344457
"vasicek","Wald",0.01,5000,0.05,10000,0.329,0.00524548813622976,0.00505942295203257,0.0017,0.00999618,0.00653400357574686,49.9809,32.6700178787343
"vasicek","Clopper_Pearson",0.01,5000,0.05,10000,0.3395,0.00546473367201321,0.00527707412141726,0,0.00999618,0.00653400357574686,49.9809,32.6700178787343
"vasicek","Wilson",0.01,5000,0.05,10000,0.3316,0.00530375325595044,0.00511349577776693,0,0.00999618,0.00653400357574686,49.9809,32.6700178787343
"vasicek","Agresti_Coull",0.01,5000,0.05,10000,0.3316,0.00536264668055671,0.00516886173144264,4e-04,0.00999618,0.00653400357574686,49.9809,32.6700178787343
"vasicek","Wald",0.01,5000,0.1,10000,0.2312,0.00502147837521679,0.00468694888248062,0.0172,0.01002684,0.00925394462721257,50.1342,46.2697231360628
"vasicek","Clopper_Pearson",0.01,5000,0.1,10000,0.2365,0.00524691760736021,0.00490629040734372,0.0013,0.01002684,0.00925394462721257,50.1342,46.2697231360628
"vasicek","Wilson",0.01,5000,0.1,10000,0.2303,0.00509252121481366,0.00474585504213857,0,0.01002684,0.00925394462721257,50.1342,46.2697231360628
"vasicek","Agresti_Coull",0.01,5000,0.1,10000,0.2303,0.00515981802023873,0.0048057481518477,0.0051,0.01002684,0.00925394462721257,50.1342,46.2697231360628
"vasicek","Wald",0.01,5000,0.2,10000,0.1401,0.00443142292641402,0.00375120517237296,0.132,0.0099214,0.0157379927081394,49.607,78.6899635406969
"vasicek","Clopper_Pearson",0.01,5000,0.2,10000,0.1429,0.00469404390448781,0.00397613791733795,0.0325,0.0099214,0.0157379927081394,49.607,78.6899635406969
"vasicek","Wilson",0.01,5000,0.2,10000,0.1389,0.00456018279276981,0.00382613503647493,0,0.0099214,0.0157379927081394,49.607,78.6899635406969
"vasicek","Agresti_Coull",0.01,5000,0.2,10000,0.1389,0.00464695375719209,0.00390095334085763,0.0655,0.0099214,0.0157379927081394,49.607,78.6899635406969
"vasicek","Wald",0.01,5000,0.25,10000,0.1181,0.0041087141363522,0.00322695555920968,0.2079,0.00972278,0.0179060349513891,48.6139,89.5301747569455
"vasicek","Clopper_Pearson",0.01,5000,0.25,10000,0.1197,0.00439898025117987,0.00345633155308297,0.0648,0.00972278,0.0179060349513891,48.6139,89.5301747569455
"vasicek","Wilson",0.01,5000,0.25,10000,0.1167,0.00427743138052089,0.00331460798017185,0,0.00972278,0.0179060349513891,48.6139,89.5301747569455
"vasicek","Agresti_Coull",0.01,5000,0.25,10000,0.1167,0.00437309713172369,0.00340111127199123,0.1217,0.00972278,0.0179060349513891,48.6139,89.5301747569455
"independent","Wald",0.01,10000,0,10000,0.9516,0.00389216467012385,0.00390027908359757,0,0.00998301,0.000982383248831513,99.8301,9.82383248831513
"independent","Clopper_Pearson",0.01,10000,0,10000,0.9598,0.00399782401751654,0.00400590831845052,0,0.00998301,0.000982383248831513,99.8301,9.82383248831513
"independent","Wilson",0.01,10000,0,10000,0.9546,0.00390961897868819,0.00391764610696623,0,0.00998301,0.000982383248831513,99.8301,9.82383248831513
"independent","Agresti_Coull",0.01,10000,0,10000,0.9546,0.00392772848977559,0.00393567175713692,0,0.00998301,0.000982383248831513,99.8301,9.82383248831513
"vasicek","Wald",0.01,10000,0.01,10000,0.4923,0.00386247878736984,0.0038419113836888,0,0.01001912,0.00292347551665986,100.1912,29.2347551665986
"vasicek","Clopper_Pearson",0.01,10000,0.01,10000,0.5093,0.00396831380604925,0.00394764819807427,0,0.01001912,0.00292347551665986,100.1912,29.2347551665986
"vasicek","Wilson",0.01,10000,0.01,10000,0.4981,0.00388044458666989,0.00385958600836498,0,0.01001912,0.00292347551665986,100.1912,29.2347551665986
"vasicek","Agresti_Coull",0.01,10000,0.01,10000,0.4981,0.00389904659624209,0.00387790390671612,0,0.01001912,0.00292347551665986,100.1912,29.2347551665986
"vasicek","Wald",0.01,10000,0.05,10000,0.2322,0.00370000984029979,0.00357755227827309,2e-04,0.00990364,0.0063374284256554,99.0364,63.374284256554
"vasicek","Clopper_Pearson",0.01,10000,0.05,10000,0.2423,0.00380674856113221,0.00368381570303339,0,0.00990364,0.0063374284256554,99.0364,63.374284256554
"vasicek","Wilson",0.01,10000,0.05,10000,0.2383,0.00372057276328547,0.00359673566464769,0,0.00990364,0.0063374284256554,99.0364,63.374284256554
"vasicek","Agresti_Coull",0.01,10000,0.05,10000,0.2383,0.00374163335157705,0.00361648926339499,0,0.00990364,0.0063374284256554,99.0364,63.374284256554
"vasicek","Wald",0.01,10000,0.1,10000,0.1585,0.00353787982290634,0.00329124351501235,0.0058,0.01004122,0.00995667215708363,100.4122,99.5667215708363
"vasicek","Clopper_Pearson",0.01,10000,0.1,10000,0.1654,0.00364639462602221,0.00339816339569337,2e-04,0.01004122,0.00995667215708363,100.4122,99.5667215708363
"vasicek","Wilson",0.01,10000,0.1,10000,0.1612,0.00356284581760544,0.00331231355133346,2e-04,0.01004122,0.00995667215708363,100.4122,99.5667215708363
"vasicek","Agresti_Coull",0.01,10000,0.1,10000,0.1612,0.00358757944792565,0.00333386604458212,5e-04,0.01004122,0.00995667215708363,100.4122,99.5667215708363
"vasicek","Wald",0.01,10000,0.2,10000,0.1043,0.00312165847853507,0.00265250261500697,0.0648,0.00963294,0.0150368833786318,96.3294,150.368833786318
"vasicek","Clopper_Pearson",0.01,10000,0.2,10000,0.1093,0.0032405380497405,0.00276135340792637,0.0124,0.00963294,0.0150368833786318,96.3294,150.368833786318
"vasicek","Wilson",0.01,10000,0.2,10000,0.1074,0.00316480676449365,0.00267914584527079,0.0124,0.00963294,0.0150368833786318,96.3294,150.368833786318
"vasicek","Agresti_Coull",0.01,10000,0.2,10000,0.1074,0.00319842459570467,0.00270601569411271,0.0288,0.00963294,0.0150368833786318,96.3294,150.368833786318
"vasicek","Wald",0.01,10000,0.25,10000,0.0855,0.0029811137998848,0.00234771944219769,0.1218,0.00996349,0.0179525787431292,99.6349,179.525787431292
"vasicek","Clopper_Pearson",0.01,10000,0.25,10000,0.0905,0.00311088228652527,0.00245783639272479,0.0375,0.00996349,0.0179525787431292,99.6349,179.525787431292
"vasicek","Wilson",0.01,10000,0.25,10000,0.0883,0.00304048900695832,0.00237802630485084,0.0375,0.00996349,0.0179525787431292,99.6349,179.525787431292
"vasicek","Agresti_Coull",0.01,10000,0.25,10000,0.0883,0.00307849512421548,0.0024083796089823,0.0696,0.00996349,0.0179525787431292,99.6349,179.525787431292
"independent","Wald",0.01,25000,0,10000,0.9485,0.00246488490676366,0.00246675308289652,0,0.009994916,0.000629434167869181,249.8729,15.7358541967295
"independent","Clopper_Pearson",0.01,25000,0,10000,0.949,0.00250631600170345,0.00250818124285546,0,0.009994916,0.000629434167869181,249.8729,15.7358541967295
"independent","Wilson",0.01,25000,0,10000,0.946,0.00246929492644737,0.00247115455920991,0,0.009994916,0.000629434167869181,249.8729,15.7358541967295
"independent","Agresti_Coull",0.01,25000,0,10000,0.946,0.00247388500780204,0.00247573631549601,0,0.009994916,0.000629434167869181,249.8729,15.7358541967295
"vasicek","Wald",0.01,25000,0.01,10000,0.3464,0.0024390965932564,0.002427356338845,0,0.009969676,0.00278468728286505,249.2419,69.6171820716262
"vasicek","Clopper_Pearson",0.01,25000,0.01,10000,0.3466,0.00248057671447522,0.00246881363263936,0,0.009969676,0.00278468728286505,249.2419,69.6171820716262
"vasicek","Wilson",0.01,25000,0.01,10000,0.3418,0.00244364964148671,0.00243184130237609,0,0.009969676,0.00278468728286505,249.2419,69.6171820716262
"vasicek","Agresti_Coull",0.01,25000,0.01,10000,0.3418,0.00244837935386905,0.00243650306419293,0,0.009969676,0.00278468728286505,249.2419,69.6171820716262
"vasicek","Wald",0.01,25000,0.05,10000,0.153,0.00233446766439925,0.0022626427295335,0,0.009822888,0.0061969070854095,245.5722,154.922677135238
"vasicek","Clopper_Pearson",0.01,25000,0.05,10000,0.1539,0.00237617073112787,0.0023042316944679,0,0.009822888,0.0061969070854095,245.5722,154.922677135238
"vasicek","Wilson",0.01,25000,0.05,10000,0.1517,0.00233967116491698,0.00226750585340385,0,0.009822888,0.0061969070854095,245.5722,154.922677135238
"vasicek","Agresti_Coull",0.01,25000,0.05,10000,0.1517,0.0023450338548289,0.00227253085886666,0,0.009822888,0.0061969070854095,245.5722,154.922677135238
"vasicek","Wald",0.01,25000,0.1,10000,0.1066,0.00223302668253021,0.00207281378815171,7e-04,0.009953,0.00973741469202624,248.825,243.435367300656
"vasicek","Clopper_Pearson",0.01,25000,0.1,10000,0.1066,0.00227508971327542,0.00211457799502812,0,0.009953,0.00973741469202624,248.825,243.435367300656
"vasicek","Wilson",0.01,25000,0.1,10000,0.1053,0.00223925387929024,0.00207818202665891,0,0.009953,0.00973741469202624,248.825,243.435367300656
"vasicek","Agresti_Coull",0.01,25000,0.1,10000,0.1053,0.00224558645843032,0.00208369399073049,0,0.009953,0.00973741469202624,248.825,243.435367300656
"vasicek","Wald",0.01,25000,0.2,10000,0.0602,0.00202136513973016,0.00169922825200079,0.0204,0.010118404,0.0155248363645869,252.9601,388.120909114672
"vasicek","Clopper_Pearson",0.01,25000,0.2,10000,0.0605,0.0020653681004362,0.00174144219087758,0.0034,0.010118404,0.0155248363645869,252.9601,388.120909114672
"vasicek","Wilson",0.01,25000,0.2,10000,0.0601,0.00203167344974731,0.00170589951428583,0.0034,0.010118404,0.0155248363645869,252.9601,388.120909114672
"vasicek","Agresti_Coull",0.01,25000,0.2,10000,0.0601,0.00204078793058611,0.00171267326027605,0.0096,0.010118404,0.0155248363645869,252.9601,388.120909114672
"vasicek","Wald",0.01,25000,0.25,10000,0.0512,0.00189535754201972,0.00147658569892363,0.0507,0.010079672,0.0189667871405217,251.9918,474.169678513043
"vasicek","Clopper_Pearson",0.01,25000,0.25,10000,0.0519,0.00194165752727895,0.00151916884169301,0.0133,0.010079672,0.0189667871405217,251.9918,474.169678513043
"vasicek","Wilson",0.01,25000,0.25,10000,0.0511,0.00190952786229002,0.001484331186584,0.0133,0.010079672,0.0189667871405217,251.9918,474.169678513043
"vasicek","Agresti_Coull",0.01,25000,0.25,10000,0.0511,0.00192033026718701,0.00149214751698241,0.0269,0.010079672,0.0189667871405217,251.9918,474.169678513043
"independent","Wald",0.01,50000,0,10000,0.9488,0.00174381773846568,0.00174253030264389,0,0.01000006,0.000447363845031071,500.003,22.3681922515535
"independent","Clopper_Pearson",0.01,50000,0,10000,0.9504,0.00176432375732247,0.00176303651109424,0,0.01000006,0.000447363845031071,500.003,22.3681922515535
"independent","Wilson",0.01,50000,0,10000,0.948,0.00174537612222097,0.00174408920494398,0,0.01000006,0.000447363845031071,500.003,22.3681922515535
"independent","Agresti_Coull",0.01,50000,0,10000,0.948,0.00174699985004854,0.00174571340305177,0,0.01000006,0.000447363845031071,500.003,22.3681922515535
"vasicek","Wald",0.01,50000,0.01,10000,0.2501,0.00172301038003758,0.00171464338387145,0,0.00994022,0.00270628124691776,497.011,135.314062345888
"vasicek","Clopper_Pearson",0.01,50000,0.01,10000,0.2534,0.00174353441199779,0.00173515992988209,0,0.00994022,0.00270628124691776,497.011,135.314062345888
"vasicek","Wilson",0.01,50000,0.01,10000,0.2513,0.00172462131956177,0.00171623193231765,0,0.00994022,0.00270628124691776,497.011,135.314062345888
"vasicek","Agresti_Coull",0.01,50000,0.01,10000,0.2513,0.00172629655053439,0.00171788462409067,0,0.00994022,0.00270628124691776,497.011,135.314062345888
"vasicek","Wald",0.01,50000,0.05,10000,0.1111,0.00165900518249612,0.0016074658306566,0,0.009917302,0.00630092438659666,495.8651,315.046219329833
"vasicek","Clopper_Pearson",0.01,50000,0.05,10000,0.1127,0.00167960262771142,0.0016280251076131,0,0.009917302,0.00630092438659666,495.8651,315.046219329833
"vasicek","Wilson",0.01,50000,0.05,10000,0.1114,0.00166083088437018,0.00160917718508063,0,0.009917302,0.00630092438659666,495.8651,315.046219329833
"vasicek","Agresti_Coull",0.01,50000,0.05,10000,0.1114,0.00166271688420035,0.00161094819851973,0,0.009917302,0.00630092438659666,495.8651,315.046219329833
"vasicek","Wald",0.01,50000,0.1,10000,0.0781,0.00157589976176257,0.00147394562595239,1e-04,0.009918604,0.00956228595799447,495.9302,478.114297899724
"vasicek","Clopper_Pearson",0.01,50000,0.1,10000,0.0799,0.00159662918005686,0.00149456601067863,0,0.009918604,0.00956228595799447,495.9302,478.114297899724
"vasicek","Wilson",0.01,50000,0.1,10000,0.0794,0.00157811001744801,0.00147583323481911,0,0.009918604,0.00956228595799447,495.9302,478.114297899724
"vasicek","Agresti_Coull",0.01,50000,0.1,10000,0.0794,0.00158037034004126,0.00147777475446124,0,0.009918604,0.00956228595799447,495.9302,478.114297899724
"vasicek","Wald",0.01,50000,0.2,10000,0.042,0.0014205403727391,0.00118366554134089,0.0115,0.010101008,0.0159582142987333,505.0504,797.910714936666
"vasicek","Clopper_Pearson",0.01,50000,0.2,10000,0.0427,0.00144195670536816,0.00120446241600841,0.0021,0.010101008,0.0159582142987333,505.0504,797.910714936666
"vasicek","Wilson",0.01,50000,0.2,10000,0.0421,0.00142429669870757,0.00118606520428347,0.0021,0.010101008,0.0159582142987333,505.0504,797.910714936666
"vasicek","Agresti_Coull",0.01,50000,0.2,10000,0.0421,0.00142771737588131,0.0011885051169726,0.0057,0.010101008,0.0159582142987333,505.0504,797.910714936666
"vasicek","Wald",0.01,50000,0.25,10000,0.0381,0.00132869339651965,0.00104410376071198,0.0296,0.009789456,0.0180226414730092,489.4728,901.132073650459
"vasicek","Clopper_Pearson",0.01,50000,0.25,10000,0.0386,0.00135083571511413,0.00106501822410042,0.0075,0.009789456,0.0180226414730092,489.4728,901.132073650459
"vasicek","Wilson",0.01,50000,0.25,10000,0.0384,0.00133376065991151,0.00104684620972869,0.0075,0.009789456,0.0180226414730092,489.4728,901.132073650459
"vasicek","Agresti_Coull",0.01,50000,0.25,10000,0.0384,0.00133787011481066,0.0010496211757807,0.0152,0.009789456,0.0180226414730092,489.4728,901.132073650459
"independent","Wald",0.01,1e+05,0,10000,0.9511,0.00123336598068558,0.00123337654144826,0,0.010002344,0.000312624693656641,1000.2344,31.2624693656641
"independent","Clopper_Pearson",0.01,1e+05,0,10000,0.9521,0.00124354492977222,0.00124355544025576,0,0.010002344,0.000312624693656641,1000.2344,31.2624693656641
"independent","Wilson",0.01,1e+05,0,10000,0.9504,0.0012339168113179,0.00123392722356095,0,0.010002344,0.000312624693656641,1000.2344,31.2624693656641
"independent","Agresti_Coull",0.01,1e+05,0,10000,0.9504,0.00123449104118451,0.00123450130553384,0,0.010002344,0.000312624693656641,1000.2344,31.2624693656641
"vasicek","Wald",0.01,1e+05,0.01,10000,0.1801,0.00122275994144793,0.0012136781694225,0,0.010008159,0.00269023744648513,1000.8159,269.023744648513
"vasicek","Clopper_Pearson",0.01,1e+05,0.01,10000,0.1824,0.00123294441814058,0.00122386071406892,0,0.010008159,0.00269023744648513,1000.8159,269.023744648513
"vasicek","Wilson",0.01,1e+05,0.01,10000,0.181,0.00122332694446825,0.00121423931008911,0,0.010008159,0.00269023744648513,1000.8159,269.023744648513
"vasicek","Agresti_Coull",0.01,1e+05,0.01,10000,0.181,0.00122391710238842,0.00121482345794374,0,0.010008159,0.00269023744648513,1000.8159,269.023744648513
"vasicek","Wald",0.01,1e+05,0.05,10000,0.0747,0.00117553992220499,0.00113332263670157,0,0.009995829,0.0065341570560863,999.5829,653.41570560863
"vasicek","Clopper_Pearson",0.01,1e+05,0.05,10000,0.0753,0.0011857516596248,0.00114352123435904,0,0.009995829,0.0065341570560863,999.5829,653.41570560863
"vasicek","Wilson",0.01,1e+05,0.05,10000,0.0747,0.00117618674604568,0.00113392993205857,0,0.009995829,0.0065341570560863,999.5829,653.41570560863
"vasicek","Agresti_Coull",0.01,1e+05,0.05,10000,0.0747,0.00117685552424904,0.00113455862191791,0,0.009995829,0.0065341570560863,999.5829,653.41570560863
"vasicek","Wald",0.01,1e+05,0.1,10000,0.0482,0.00113023308595741,0.00104296334611773,0,0.010270275,0.0102481196709472,1027.0275,1024.81196709472
"vasicek","Clopper_Pearson",0.01,1e+05,0.1,10000,0.0482,0.00114048685896145,0.00105318267358121,0,0.010270275,0.0102481196709472,1027.0275,1024.81196709472
"vasicek","Wilson",0.01,1e+05,0.1,10000,0.0479,0.00113100330596831,0.00104363046175852,0,0.010270275,0.0102481196709472,1027.0275,1024.81196709472
"vasicek","Agresti_Coull",0.01,1e+05,0.1,10000,0.0479,0.00113179359639521,0.0010443171308221,0,0.010270275,0.0102481196709472,1027.0275,1024.81196709472
"vasicek","Wald",0.01,1e+05,0.2,10000,0.0323,0.00100563724426373,0.00085497139075408,0.0036,0.009815689,0.0143539940288317,981.5689,1435.39940288317
"vasicek","Clopper_Pearson",0.01,1e+05,0.2,10000,0.0326,0.00101607091732995,0.000865246740306891,3e-04,0.009815689,0.0143539940288317,981.5689,1435.39940288317
"vasicek","Wilson",0.01,1e+05,0.2,10000,0.0324,0.00100687002314473,0.000855801080375604,3e-04,0.009815689,0.0143539940288317,981.5689,1435.39940288317
"vasicek","Agresti_Coull",0.01,1e+05,0.2,10000,0.0324,0.00100806540115807,0.000856646323052861,0.0013,0.009815689,0.0143539940288317,981.5689,1435.39940288317
"vasicek","Wald",0.01,1e+05,0.25,10000,0.0244,0.000946676146526319,0.000747533192852193,0.0131,0.009890762,0.0178547332309735,989.0762,1785.47332309735
"vasicek","Clopper_Pearson",0.01,1e+05,0.25,10000,0.0244,0.000957339552079984,0.000757852411909854,0.0026,0.009890762,0.0178547332309735,989.0762,1785.47332309735
"vasicek","Wilson",0.01,1e+05,0.25,10000,0.0242,0.00094838049437251,0.000748490822597536,0.0026,0.009890762,0.0178547332309735,989.0762,1785.47332309735
"vasicek","Agresti_Coull",0.01,1e+05,0.25,10000,0.0242,0.000949888156132062,0.000749461512171263,0.0062,0.009890762,0.0178547332309735,989.0762,1785.47332309735
"independent","Wald",0.02,5000,0,10000,0.9492,0.00776340619815505,0.00776106141635819,0,0.02006362,0.0019651500393272,100.3181,9.82575019663601
"independent","Clopper_Pearson",0.02,5000,0,10000,0.9567,0.00797325957880538,0.00797088978475542,0,0.02006362,0.0019651500393272,100.3181,9.82575019663601
"independent","Wilson",0.02,5000,0,10000,0.9509,0.00779542815536752,0.00779300920395002,0,0.02006362,0.0019651500393272,100.3181,9.82575019663601
"independent","Agresti_Coull",0.02,5000,0,10000,0.9509,0.00783024581896217,0.00782775417525761,0,0.02006362,0.0019651500393272,100.3181,9.82575019663601
"vasicek","Wald",0.02,5000,0.01,10000,0.5425,0.00770321655746254,0.00768462663062022,0,0.0200613,0.00530776257422602,100.3065,26.5388128711301
"vasicek","Clopper_Pearson",0.02,5000,0.01,10000,0.5617,0.00791338171163226,0.00789461069686755,0,0.0200613,0.00530776257422602,100.3065,26.5388128711301
"vasicek","Wilson",0.02,5000,0.01,10000,0.5505,0.00773613532751997,0.00771700826614772,0,0.0200613,0.00530776257422602,100.3065,26.5388128711301
"vasicek","Agresti_Coull",0.02,5000,0.01,10000,0.5505,0.00777180500943313,0.00775215224977786,0,0.0200613,0.00530776257422602,100.3065,26.5388128711301
"vasicek","Wald",0.02,5000,0.05,10000,0.2547,0.00741440508260005,0.00724863261077698,0,0.01981266,0.0115164012814007,99.0633,57.5820064070034
"vasicek","Clopper_Pearson",0.02,5000,0.05,10000,0.2668,0.00762611503695615,0.00745955591843408,0,0.01981266,0.0115164012814007,99.0633,57.5820064070034
"vasicek","Wilson",0.02,5000,0.05,10000,0.262,0.0074517588784915,0.00728363904529688,0,0.01981266,0.0115164012814007,99.0633,57.5820064070034
"vasicek","Agresti_Coull",0.02,5000,0.05,10000,0.262,0.00749160799888344,0.00732120457010887,0,0.01981266,0.0115164012814007,99.0633,57.5820064070034
"vasicek","Wald",0.02,5000,0.1,10000,0.1886,0.00713369734186987,0.00678248588224804,0.0018,0.01994102,0.0171859807154819,99.7051,85.9299035774094
"vasicek","Clopper_Pearson",0.02,5000,0.1,10000,0.1944,0.00734789233980212,0.00699452341754267,1e-04,0.01994102,0.0171859807154819,99.7051,85.9299035774094
"vasicek","Wilson",0.02,5000,0.1,10000,0.1914,0.00717767990224593,0.00682062140171289,0,0.01994102,0.0171859807154819,99.7051,85.9299035774094
"vasicek","Agresti_Coull",0.02,5000,0.1,10000,0.1914,0.00722335170108063,0.00686108799059762,4e-04,0.01994102,0.0171859807154819,99.7051,85.9299035774094
"vasicek","Wald",0.02,5000,0.2,10000,0.1135,0.00652709310234299,0.00572989965054543,0.045,0.02022786,0.0273059363003015,101.1393,136.529681501508
"vasicek","Clopper_Pearson",0.02,5000,0.2,10000,0.1176,0.00675663684735055,0.00594501315324205,0.0078,0.02022786,0.0273059363003015,101.1393,136.529681501508
"vasicek","Wilson",0.02,5000,0.2,10000,0.1167,0.00659911430784394,0.00577674005257411,0,0.02022786,0.0273059363003015,101.1393,136.529681501508
"vasicek","Agresti_Coull",0.02,5000,0.2,10000,0.1167,0.0066598384745033,0.00582533030312277,0.0185,0.02022786,0.0273059363003015,101.1393,136.529681501508
"vasicek","Wald",0.02,5000,0.25,10000,0.0958,0.00620949141533286,0.00517743991185093,0.0852,0.02037354,0.0321703357290298,101.8677,160.851678645149
"vasicek","Clopper_Pearson",0.02,5000,0.25,10000,0.0997,0.00645363623160885,0.00539460173095529,0.0208,0.02037354,0.0321703357290298,101.8677,160.851678645149
"vasicek","Wilson",0.02,5000,0.25,10000,0.0968,0.00630456583187585,0.00523011551087749,0,0.02037354,0.0321703357290298,101.8677,160.851678645149
"vasicek","Agresti_Coull",0.02,5000,0.25,10000,0.0968,0.00637336156868901,0.0052841720951774,0.0439,0.02037354,0.0321703357290298,101.8677,160.851678645149
"independent","Wald",0.02,10000,0,10000,0.9476,0.00548295358965989,0.00548789915671215,0,0.01998936,0.00140105213504299,199.8936,14.0105213504299
"independent","Clopper_Pearson",0.02,10000,0,10000,0.9549,0.00558645427366836,0.00559138944941984,0,0.01998936,0.00140105213504299,199.8936,14.0105213504299
"independent","Wilson",0.02,10000,0,10000,0.9509,0.00549429936612312,0.00549921508557637,0,0.01998936,0.00140105213504299,199.8936,14.0105213504299
"independent","Agresti_Coull",0.02,10000,0,10000,0.9509,0.00550666514975859,0.00551155229228825,0,0.01998936,0.00140105213504299,199.8936,14.0105213504299
"vasicek","Wald",0.02,10000,0.01,10000,0.4061,0.00544523411062995,0.00542024841818035,0,0.02001882,0.0050618862172917,200.1882,50.618862172917
"vasicek","Clopper_Pearson",0.02,10000,0.01,10000,0.4159,0.00554883965787017,0.00552380787051312,0,0.02001882,0.0050618862172917,200.1882,50.618862172917
"vasicek","Wilson",0.02,10000,0.01,10000,0.4105,0.00545688298845467,0.0054317574456094,0,0.02001882,0.0050618862172917,200.1882,50.618862172917
"vasicek","Agresti_Coull",0.02,10000,0.01,10000,0.4105,0.00546954087157305,0.00544427352480852,0,0.02001882,0.0050618862172917,200.1882,50.618862172917
"vasicek","Wald",0.02,10000,0.05,10000,0.1918,0.00529263644840102,0.00515440568678556,0,0.02015055,0.0115847833997076,201.5055,115.847833997076
"vasicek","Clopper_Pearson",0.02,10000,0.05,10000,0.1975,0.00539671433875724,0.00525825126705021,0,0.02015055,0.0115847833997076,201.5055,115.847833997076
"vasicek","Wilson",0.02,10000,0.05,10000,0.195,0.00530565193421085,0.00516671584191893,0,0.02015055,0.0115847833997076,201.5055,115.847833997076
"vasicek","Agresti_Coull",0.02,10000,0.05,10000,0.195,0.00531962446439764,0.00517997649816272,0,0.02015055,0.0115847833997076,201.5055,115.847833997076
"vasicek","Wald",0.02,10000,0.1,10000,0.1312,0.00505399132449245,0.00478038229294582,1e-04,0.01997009,0.0170545396925368,199.7009,170.545396925368
"vasicek","Clopper_Pearson",0.02,10000,0.1,10000,0.1342,0.00515889053750013,0.00488467490791709,0,0.01997009,0.0170545396925368,199.7009,170.545396925368
"vasicek","Wilson",0.02,10000,0.1,10000,0.1327,0.00506936968726857,0.00479395063401422,0,0.01997009,0.0170545396925368,199.7009,170.545396925368
"vasicek","Agresti_Coull",0.02,10000,0.1,10000,0.1327,0.00508558475512008,0.00480838771251061,0,0.01997009,0.0170545396925368,199.7009,170.545396925368
"vasicek","Wald",0.02,10000,0.2,10000,0.0788,0.00463163041757979,0.0040701595754014,0.0203,0.02021464,0.0267221691316912,202.1464,267.221691316912
"vasicek","Clopper_Pearson",0.02,10000,0.2,10000,0.0812,0.00474123981392049,0.00417549143116085,0.0042,0.02021464,0.0267221691316912,202.1464,267.221691316912
"vasicek","Wilson",0.02,10000,0.2,10000,0.0799,0.00465664759214428,0.00408667754708562,0.0042,0.02021464,0.0267221691316912,202.1464,267.221691316912
"vasicek","Agresti_Coull",0.02,10000,0.2,10000,0.0799,0.0046792038530963,0.00410389753665118,0.0086,0.02021464,0.0267221691316912,202.1464,267.221691316912
"vasicek","Wald",0.02,10000,0.25,10000,0.0657,0.00441857326656531,0.00376262245031592,0.044,0.020146,0.0308415956202341,201.46,308.415956202341
"vasicek","Clopper_Pearson",0.02,10000,0.25,10000,0.067,0.00453249237529228,0.00386851019394493,0.0103,0.020146,0.0308415956202341,201.46,308.415956202341
"vasicek","Wilson",0.02,10000,0.25,10000,0.0657,0.00445101766997669,0.00378072899826558,0.0103,0.020146,0.0308415956202341,201.46,308.415956202341
"vasicek","Agresti_Coull",0.02,10000,0.25,10000,0.0657,0.00447700471897125,0.0037994575492013,0.0218,0.020146,0.0308415956202341,201.46,308.415956202341
"independent","Wald",0.02,25000,0,10000,0.9498,0.00346971418598104,0.00347085218090554,0,0.019996912,0.000880063676936815,499.9228,22.0015919234204
"independent","Clopper_Pearson",0.02,25000,0,10000,0.9529,0.00351060139630082,0.00351173839497704,0,0.019996912,0.000880063676936815,499.9228,22.0015919234204
"independent","Wilson",0.02,25000,0,10000,0.9501,0.00347258293488421,0.00347371806029478,0,0.019996912,0.000880063676936815,499.9228,22.0015919234204
"independent","Agresti_Coull",0.02,25000,0,10000,0.9501,0.00347571491290848,0.00347684726878277,0,0.019996912,0.000880063676936815,499.9228,22.0015919234204
"vasicek","Wald",0.02,25000,0.01,10000,0.2786,0.00344436080133243,0.00343323094412983,0,0.020006416,0.00493599579015096,500.1604,123.399894753774
"vasicek","Clopper_Pearson",0.02,25000,0.01,10000,0.2842,0.00348527491615896,0.00347413253970999,0,0.020006416,0.00493599579015096,500.1604,123.399894753774
"vasicek","Wilson",0.02,25000,0.01,10000,0.2816,0.00344730739149699,0.00343613981388179,0,0.020006416,0.00493599579015096,500.1604,123.399894753774
"vasicek","Agresti_Coull",0.02,25000,0.01,10000,0.2816,0.00345051488203832,0.00343930901220262,0,0.020006416,0.00493599579015096,500.1604,123.399894753774
"vasicek","Wald",0.02,25000,0.05,10000,0.118,0.00334103753903915,0.00325082291750556,0,0.020071352,0.0114960938805121,501.7838,287.402347012802
"vasicek","Clopper_Pearson",0.02,25000,0.05,10000,0.12,0.00338207625710777,0.00329180321718837,0,0.020071352,0.0114960938805121,501.7838,287.402347012802
"vasicek","Wilson",0.02,25000,0.05,10000,0.1184,0.0033443454153527,0.00325395242053433,0,0.020071352,0.0114960938805121,501.7838,287.402347012802
"vasicek","Agresti_Coull",0.02,25000,0.05,10000,0.1184,0.00334790383899168,0.0032573276287691,0,0.020071352,0.0114960938805121,501.7838,287.402347012802
"vasicek","Wald",0.02,25000,0.1,10000,0.0795,0.00321451796577372,0.00303321989782785,1e-04,0.020216152,0.0173284179208507,505.4038,433.210448021268
"vasicek","Clopper_Pearson",0.02,25000,0.1,10000,0.0808,0.00325575582748339,0.00307430432388933,0,0.020216152,0.0173284179208507,505.4038,433.210448021268
"vasicek","Wilson",0.02,25000,0.1,10000,0.0794,0.00321839832525614,0.00303664284885623,0,0.020216152,0.0173284179208507,505.4038,433.210448021268
"vasicek","Agresti_Coull",0.02,25000,0.1,10000,0.0794,0.00322250811083404,0.00304029385584206,0,0.020216152,0.0173284179208507,505.4038,433.210448021268
"vasicek","Wald",0.02,25000,0.2,10000,0.0542,0.00288961360343208,0.00253890802310803,0.0045,0.019491956,0.0262135856979082,487.2989,655.339642447705
"vasicek","Clopper_Pearson",0.02,25000,0.2,10000,0.055,0.00293168677356461,0.0025802849300574,8e-04,0.019491956,0.0262135856979082,487.2989,655.339642447705
"vasicek","Wilson",0.02,25000,0.2,10000,0.0542,0.00289558164427025,0.00254316280668005,8e-04,0.019491956,0.0262135856979082,487.2989,655.339642447705
"vasicek","Agresti_Coull",0.02,25000,0.2,10000,0.0542,0.00290145197420984,0.00254760417577105,0.002,0.019491956,0.0262135856979082,487.2989,655.339642447705
"vasicek","Wald",0.02,25000,0.25,10000,0.0424,0.00276646693316536,0.0023413490546015,0.0169,0.019517144,0.0290619524635108,487.9286,726.548811587771
"vasicek","Clopper_Pearson",0.02,25000,0.25,10000,0.043,0.00280955565448338,0.00238287300953046,0.0033,0.019517144,0.0290619524635108,487.9286,726.548811587771
"vasicek","Wilson",0.02,25000,0.25,10000,0.0425,0.00277442312107024,0.00234602530561108,0.0033,0.019517144,0.0290619524635108,487.9286,726.548811587771
"vasicek","Agresti_Coull",0.02,25000,0.25,10000,0.0425,0.00278152946725931,0.00235087064496615,0.0068,0.019517144,0.0290619524635108,487.9286,726.548811587771
"independent","Wald",0.02,50000,0,10000,0.9496,0.00245405622418195,0.00245426311361443,0,0.020001754,0.000625199144977893,1000.0877,31.2599572488946
"independent","Clopper_Pearson",0.02,50000,0,10000,0.953,0.00247437023021452,0.00247457698232622,0,0.020001754,0.000625199144977893,1000.0877,31.2599572488946
"independent","Wilson",0.02,50000,0,10000,0.9513,0.00245507023682232,0.00245527672698763,0,0.020001754,0.000625199144977893,1000.0877,31.2599572488946
"independent","Agresti_Coull",0.02,50000,0,10000,0.9513,0.00245617792987496,0.00245638402969806,0,0.020001754,0.000625199144977893,1000.0877,31.2599572488946
"vasicek","Wald",0.02,50000,0.01,10000,0.1999,0.00243600486382807,0.00242644417727175,0,0.020014496,0.00494471085530067,1000.7248,247.235542765033
"vasicek","Clopper_Pearson",0.02,50000,0.01,10000,0.2011,0.00245632849040981,0.00244676373729941,0,0.020014496,0.00494471085530067,1000.7248,247.235542765033
"vasicek","Wilson",0.02,50000,0.01,10000,0.1998,0.00243704673059009,0.00242747370354042,0,0.020014496,0.00494471085530067,1000.7248,247.235542765033
"vasicek","Agresti_Coull",0.02,50000,0.01,10000,0.1998,0.00243818151616121,0.00242859583006511,0,0.020014496,0.00494471085530067,1000.7248,247.235542765033
"vasicek","Wald",0.02,50000,0.05,10000,0.0877,0.0023689415373498,0.00230897562566397,0,0.020129802,0.0113560588712856,1006.4901,567.802943564281
"vasicek","Clopper_Pearson",0.02,50000,0.05,10000,0.0887,0.00238930653555389,0.00232932045465748,0,0.020129802,0.0113560588712856,1006.4901,567.802943564281
"vasicek","Wilson",0.02,50000,0.05,10000,0.0881,0.00237010351214872,0.00231007600317976,0,0.020129802,0.0113560588712856,1006.4901,567.802943564281
"vasicek","Agresti_Coull",0.02,50000,0.05,10000,0.0881,0.0023713554275976,0.00231126437091658,0,0.020129802,0.0113560588712856,1006.4901,567.802943564281
"vasicek","Wald",0.02,50000,0.1,10000,0.0581,0.00226923405232003,0.0021558941280662,0,0.02019306,0.0174521607770493,1009.653,872.608038852466
"vasicek","Clopper_Pearson",0.02,50000,0.1,10000,0.0588,0.00228967310280232,0.00217627530317132,0,0.02019306,0.0174521607770493,1009.653,872.608038852466
"vasicek","Wilson",0.02,50000,0.1,10000,0.0585,0.00227061152037766,0.00215709693886735,0,0.02019306,0.0174521607770493,1009.653,872.608038852466
"vasicek","Agresti_Coull",0.02,50000,0.1,10000,0.0585,0.00227207371040727,0.00215838169823222,0,0.02019306,0.0174521607770493,1009.653,872.608038852466
"vasicek","Wald",0.02,50000,0.2,10000,0.0373,0.00206643594420119,0.00181361199017365,0.0015,0.020034608,0.026629359546285,1001.7304,1331.46797731425
"vasicek","Clopper_Pearson",0.02,50000,0.2,10000,0.0374,0.00208713025150431,0.00183409314161328,1e-04,0.020034608,0.026629359546285,1001.7304,1331.46797731425
"vasicek","Wilson",0.02,50000,0.2,10000,0.0372,0.00206851243841251,0.00181509914696472,1e-04,0.020034608,0.026629359546285,1001.7304,1331.46797731425
"vasicek","Agresti_Coull",0.02,50000,0.2,10000,0.0372,0.00207061903046224,0.0018166545153007,5e-04,0.020034608,0.026629359546285,1001.7304,1331.46797731425
"vasicek","Wald",0.02,50000,0.25,10000,0.0294,0.00196051876240097,0.00162521822701372,0.0088,0.02001339,0.0308990541988414,1000.6695,1544.95270994207
"vasicek","Clopper_Pearson",0.02,50000,0.25,10000,0.0295,0.00198157999303303,0.00164577007361424,0.002,0.02001339,0.0308990541988414,1000.6695,1544.95270994207
"vasicek","Wilson",0.02,50000,0.25,10000,0.0292,0.00196335728081308,0.00162690819854262,0.002,0.02001339,0.0308990541988414,1000.6695,1544.95270994207
"vasicek","Agresti_Coull",0.02,50000,0.25,10000,0.0292,0.00196598179363947,0.00162865857861082,0.0039,0.02001339,0.0308990541988414,1000.6695,1544.95270994207
"independent","Wald",0.02,1e+05,0,10000,0.9473,0.00173538840406075,0.00173542609045278,0,0.02000171,0.000442104469029836,2000.171,44.2104469029836
"independent","Clopper_Pearson",0.02,1e+05,0,10000,0.9491,0.00174549952561589,0.00174553719134671,0,0.02000171,0.000442104469029836,2000.171,44.2104469029836
"independent","Wilson",0.02,1e+05,0,10000,0.9472,0.00173574689680993,0.00173578452270399,0,0.02000171,0.000442104469029836,2000.171,44.2104469029836
"independent","Agresti_Coull",0.02,1e+05,0,10000,0.9472,0.00173613861718981,0.00173617618338975,0,0.02000171,0.000442104469029836,2000.171,44.2104469029836
"vasicek","Wald",0.02,1e+05,0.01,10000,0.1407,0.00172005471075734,0.00171187780623484,0,0.019956364,0.00492892132682685,1995.6364,492.892132682685
"vasicek","Clopper_Pearson",0.02,1e+05,0.01,10000,0.142,0.00173016951992629,0.00172199132084351,0,0.019956364,0.00492892132682685,1995.6364,492.892132682685
"vasicek","Wilson",0.02,1e+05,0.01,10000,0.1414,0.00172042385855265,0.0017122429891229,0,0.019956364,0.00492892132682685,1995.6364,492.892132682685
"vasicek","Agresti_Coull",0.02,1e+05,0.01,10000,0.1414,0.00172082592679934,0.00171264094379855,0,0.019956364,0.00492892132682685,1995.6364,492.892132682685
"vasicek","Wald",0.02,1e+05,0.05,10000,0.0596,0.00166866865987813,0.00162882884529613,0,0.020015961,0.0114091396171297,2001.5961,1140.91396171297
"vasicek","Clopper_Pearson",0.02,1e+05,0.05,10000,0.06,0.00167879903001699,0.00163895132841576,0,0.020015961,0.0114091396171297,2001.5961,1140.91396171297
"vasicek","Wilson",0.02,1e+05,0.05,10000,0.0595,0.00166908298596032,0.0016292191847776,0,0.020015961,0.0114091396171297,2001.5961,1140.91396171297
"vasicek","Agresti_Coull",0.02,1e+05,0.05,10000,0.0595,0.00166952916933447,0.00162964068347939,0,0.020015961,0.0114091396171297,2001.5961,1140.91396171297
"vasicek","Wald",0.02,1e+05,0.1,10000,0.0368,0.00160493008771397,0.0015148897434298,0,0.020153394,0.0171750867276172,2015.3394,1717.50867276172
"vasicek","Clopper_Pearson",0.02,1e+05,0.1,10000,0.0369,0.001615085140394,0.00152502585506642,0,0.020153394,0.0171750867276172,2015.3394,1717.50867276172
"vasicek","Wilson",0.02,1e+05,0.1,10000,0.0367,0.00160541634122348,0.00151531851357546,0,0.020153394,0.0171750867276172,2015.3394,1717.50867276172
"vasicek","Agresti_Coull",0.02,1e+05,0.1,10000,0.0367,0.00160593298478771,0.00151577622392921,0,0.020153394,0.0171750867276172,2015.3394,1717.50867276172
"vasicek","Wald",0.02,1e+05,0.2,10000,0.0233,0.00146803729634264,0.00129756328035477,6e-04,0.020123133,0.0260588903925543,2012.3133,2605.88903925543
"vasicek","Clopper_Pearson",0.02,1e+05,0.2,10000,0.0237,0.00147828248651104,0.00130773098986261,2e-04,0.020123133,0.0260588903925543,2012.3133,2605.88903925543
"vasicek","Wilson",0.02,1e+05,0.2,10000,0.0234,0.00146877185248057,0.00129808192583572,2e-04,0.020123133,0.0260588903925543,2012.3133,2605.88903925543
"vasicek","Agresti_Coull",0.02,1e+05,0.2,10000,0.0234,0.00146952016454534,0.00129862524488938,3e-04,0.020123133,0.0260588903925543,2012.3133,2605.88903925543
"vasicek","Wald",0.02,1e+05,0.25,10000,0.0217,0.0014137361106493,0.0011719627286979,0.0037,0.02081317,0.0325536273889212,2081.317,3255.36273889212
"vasicek","Clopper_Pearson",0.02,1e+05,0.25,10000,0.0217,0.00142407818024977,0.00118215335795918,8e-04,0.02081317,0.0325536273889212,2081.317,3255.36273889212
"vasicek","Wilson",0.02,1e+05,0.25,10000,0.0216,0.00141469391841461,0.00117254709335706,8e-04,0.02081317,0.0325536273889212,2081.317,3255.36273889212
"vasicek","Agresti_Coull",0.02,1e+05,0.25,10000,0.0216,0.00141561719423683,0.0011731536303697,0.0015,0.02081317,0.0325536273889212,2081.317,3255.36273889212
"independent","Wald",0.05,5000,0,10000,0.9464,0.0120717892908024,0.0120820294316136,0,0.04996734,0.00311254270920282,249.8367,15.5627135460141
"independent","Clopper_Pearson",0.05,5000,0,10000,0.9541,0.0122754471347174,0.0122856692621788,0,0.04996734,0.00311254270920282,249.8367,15.5627135460141
"independent","Wilson",0.05,5000,0,10000,0.9503,0.0120869480019364,0.0120971383494103,0,0.04996734,0.00311254270920282,249.8367,15.5627135460141
"independent","Agresti_Coull",0.05,5000,0,10000,0.9503,0.0121066936801868,0.0121168385496386,0,0.04996734,0.00311254270920282,249.8367,15.5627135460141
"vasicek","Wald",0.05,5000,0.01,10000,0.4147,0.012006972713805,0.0119668923145661,0,0.0500228,0.0108241975446334,250.114,54.1209877231672
"vasicek","Clopper_Pearson",0.05,5000,0.01,10000,0.4294,0.0122107805771096,0.0121706542163643,0,0.0500228,0.0108241975446334,250.114,54.1209877231672
"vasicek","Wilson",0.05,5000,0.01,10000,0.424,0.0120225527496542,0.0119823237525468,0,0.0500228,0.0108241975446334,250.114,54.1209877231672
"vasicek","Agresti_Coull",0.05,5000,0.01,10000,0.424,0.0120426909977525,0.01200230082732,0,0.0500228,0.0108241975446334,250.114,54.1209877231672
"vasicek","Wald",0.05,5000,0.05,10000,0.2,0.0117027368955009,0.0115527788895032,0,0.04985316,0.023860408083723,249.2658,119.302040418615
"vasicek","Clopper_Pearson",0.05,5000,0.05,10000,0.2075,0.0119072510639008,0.0117569928920348,0,0.04985316,0.023860408083723,249.2658,119.302040418615
"vasicek","Wilson",0.05,5000,0.05,10000,0.2045,0.0117202997235829,0.0115694088163188,0,0.04985316,0.023860408083723,249.2658,119.302040418615
"vasicek","Agresti_Coull",0.05,5000,0.05,10000,0.2045,0.0117422813427421,0.0115904197262367,0,0.04985316,0.023860408083723,249.2658,119.302040418615
"vasicek","Wald",0.05,5000,0.1,10000,0.1402,0.0113894893976725,0.0111325302849502,1e-04,0.05029482,0.0347608174330015,251.4741,173.804087165008
"vasicek","Clopper_Pearson",0.05,5000,0.1,10000,0.1445,0.0115949891007993,0.0113372257124691,0,0.05029482,0.0347608174330015,251.4741,173.804087165008
"vasicek","Wilson",0.05,5000,0.1,10000,0.1423,0.011409806951447,0.0111504431775509,0,0.05029482,0.0347608174330015,251.4741,173.804087165008
"vasicek","Agresti_Coull",0.05,5000,0.1,10000,0.1423,0.0114343372025511,0.0111725690809694,1e-04,0.05029482,0.0347608174330015,251.4741,173.804087165008
"vasicek","Wald",0.05,5000,0.2,10000,0.0868,0.0105643909056384,0.00996069663464038,0.0045,0.04992384,0.0525062761444559,249.6192,262.531380722279
"vasicek","Clopper_Pearson",0.05,5000,0.2,10000,0.0902,0.0107738761134474,0.0101668790822079,6e-04,0.04992384,0.0525062761444559,249.6192,262.531380722279
"vasicek","Wilson",0.05,5000,0.2,10000,0.0885,0.0105946292924317,0.00998261320336538,0,0.04992384,0.0525062761444559,249.6192,262.531380722279
"vasicek","Agresti_Coull",0.05,5000,0.2,10000,0.0885,0.0106274058024962,0.010008268040746,0.0014,0.04992384,0.0525062761444559,249.6192,262.531380722279
"vasicek","Wald",0.05,5000,0.25,10000,0.0692,0.0101245394498575,0.00920865086671415,0.0164,0.04982976,0.0604049360729121,249.1488,302.02468036456
"vasicek","Clopper_Pearson",0.05,5000,0.25,10000,0.0719,0.0103391342513801,0.00941592825827735,0.0036,0.04982976,0.0604049360729121,249.1488,302.02468036456
"vasicek","Wilson",0.05,5000,0.25,10000,0.0713,0.0101645141009195,0.00923355110127,0,0.04982976,0.0604049360729121,249.1488,302.02468036456
"vasicek","Agresti_Coull",0.05,5000,0.25,10000,0.0713,0.0102029055596734,0.00926187773219201,0.0075,0.04982976,0.0604049360729121,249.1488,302.02468036456
"independent","Wald",0.05,10000,0,10000,0.9478,0.00854063779405561,0.0085432849415894,0,0.04999528,0.00218757680341219,499.9528,21.8757680341219
"independent","Clopper_Pearson",0.05,10000,0,10000,0.9492,0.00864194033156682,0.00864458482958824,0,0.04999528,0.00218757680341219,499.9528,21.8757680341219
"independent","Wilson",0.05,10000,0,10000,0.9466,0.00854599339731999,0.00854863315243938,0,0.04999528,0.00218757680341219,499.9528,21.8757680341219
"independent","Agresti_Coull",0.05,10000,0,10000,0.9466,0.00855298053386397,0.00855561343547545,0,0.04999528,0.00218757680341219,499.9528,21.8757680341219
"vasicek","Wald",0.05,10000,0.01,10000,0.3101,0.00848357540358631,0.00847823059602476,0,0.04991691,0.0106064673085234,499.1691,106.064673085235
"vasicek","Clopper_Pearson",0.05,10000,0.01,10000,0.3115,0.0085849372158305,0.008579564949996,0,0.04991691,0.0106064673085234,499.1691,106.064673085235
"vasicek","Wilson",0.05,10000,0.01,10000,0.3087,0.0084890967384328,0.00848366992985751,0,0.04991691,0.0106064673085234,499.1691,106.064673085235
"vasicek","Agresti_Coull",0.05,10000,0.01,10000,0.3087,0.00849623792330047,0.00849072864040618,0,0.04991691,0.0106064673085234,499.1691,106.064673085235
"vasicek","Wald",0.05,10000,0.05,10000,0.1377,0.00826975590803514,0.0081604992297445,0,0.04977205,0.0237979418858291,497.7205,237.979418858291
"vasicek","Clopper_Pearson",0.05,10000,0.05,10000,0.1383,0.00837136577961644,0.00826200703932507,0,0.04977205,0.0237979418858291,497.7205,237.979418858291
"vasicek","Wilson",0.05,10000,0.05,10000,0.1368,0.00827597475019098,0.00816639874520558,0,0.04977205,0.0237979418858291,497.7205,237.979418858291
"vasicek","Agresti_Coull",0.05,10000,0.05,10000,0.1368,0.00828376845638043,0.00817385553681656,0,0.04977205,0.0237979418858291,497.7205,237.979418858291
"vasicek","Wald",0.05,10000,0.1,10000,0.0967,0.00803064012495905,0.00782705083576529,0,0.05013989,0.0349935165481828,501.3989,349.935165481828
"vasicek","Clopper_Pearson",0.05,10000,0.1,10000,0.0976,0.00813261552068534,0.00792875065866414,0,0.05013989,0.0349935165481828,501.3989,349.935165481828
"vasicek","Wilson",0.05,10000,0.1,10000,0.0968,0.0080378982822548,0.00783346277164922,0,0.05013989,0.0349935165481828,501.3989,349.935165481828
"vasicek","Agresti_Coull",0.05,10000,0.1,10000,0.0968,0.00804667527299105,0.00784136661546334,0,0.05013989,0.0349935165481828,501.3989,349.935165481828
"vasicek","Wald",0.05,10000,0.2,10000,0.0627,0.00747703269358571,0.00702288326192378,0.0017,0.05012096,0.0525567790506688,501.2096,525.567790506688
"vasicek","Clopper_Pearson",0.05,10000,0.2,10000,0.0623,0.00758031785519544,0.00712509689371423,2e-04,0.05012096,0.0525567790506688,501.2096,525.567790506688
"vasicek","Wilson",0.05,10000,0.2,10000,0.0617,0.00748772822647947,0.00703068083827019,2e-04,0.05012096,0.0525567790506688,501.2096,525.567790506688
"vasicek","Agresti_Coull",0.05,10000,0.2,10000,0.0617,0.00749953387352998,0.00703981154415295,6e-04,0.05012096,0.0525567790506688,501.2096,525.567790506688
"vasicek","Wald",0.05,10000,0.25,10000,0.0482,0.00721655046417626,0.00665440649685513,0.0066,0.05002108,0.0590691976807292,500.2108,590.691976807292
"vasicek","Clopper_Pearson",0.05,10000,0.25,10000,0.0487,0.00732109869555381,0.00675688493905129,0.001,0.05002108,0.0590691976807292,500.2108,590.691976807292
"vasicek","Wilson",0.05,10000,0.25,10000,0.0482,0.00723002294012422,0.00666292573447994,0.001,0.05002108,0.0590691976807292,500.2108,590.691976807292
"vasicek","Agresti_Coull",0.05,10000,0.25,10000,0.0482,0.00724384683023008,0.00667270459751836,0.0025,0.05002108,0.0590691976807292,500.2108,590.691976807292
"independent","Wald",0.05,25000,0,10000,0.947,0.00540320548103834,0.00540324782304823,0,0.050010336,0.00138139413350398,1250.2584,34.5348533375995
"independent","Clopper_Pearson",0.05,25000,0,10000,0.9494,0.005443537314824,0.00544357952134088,0,0.050010336,0.00138139413350398,1250.2584,34.5348533375995
"independent","Wilson",0.05,25000,0,10000,0.9468,0.00540455985454328,0.00540460179864281,0,0.050010336,0.00138139413350398,1250.2584,34.5348533375995
"independent","Agresti_Coull",0.05,25000,0,10000,0.9468,0.00540632845259306,0.00540637000296368,0,0.050010336,0.00138139413350398,1250.2584,34.5348533375995
"vasicek","Wald",0.05,25000,0.01,10000,0.1957,0.00537083419692841,0.0053538282867263,0,0.049996524,0.0104317898091021,1249.9131,260.794745227552
"vasicek","Clopper_Pearson",0.05,25000,0.01,10000,0.1976,0.00541118009358808,0.00539417047286791,0,0.049996524,0.0104317898091021,1249.9131,260.794745227552
"vasicek","Wilson",0.05,25000,0.01,10000,0.1966,0.0053722280167186,0.00535521000739156,0,0.049996524,0.0104317898091021,1249.9131,260.794745227552
"vasicek","Agresti_Coull",0.05,25000,0.01,10000,0.1966,0.00537403350385305,0.00535700213542502,0,0.049996524,0.0104317898091021,1249.9131,260.794745227552
"vasicek","Wald",0.05,25000,0.05,10000,0.0901,0.00524597129234655,0.00517412616738276,0,0.050086076,0.0238805667275496,1252.1519,597.014168188739
"vasicek","Clopper_Pearson",0.05,25000,0.05,10000,0.0915,0.00528637796978201,0.00521450758657355,0,0.050086076,0.0238805667275496,1252.1519,597.014168188739
"vasicek","Wilson",0.05,25000,0.05,10000,0.091,0.00524753658162137,0.00517561201914257,0,0.050086076,0.0238805667275496,1252.1519,597.014168188739
"vasicek","Agresti_Coull",0.05,25000,0.05,10000,0.091,0.00524950355314189,0.00517749437469409,0,0.050086076,0.0238805667275496,1252.1519,597.014168188739
"vasicek","Wald",0.05,25000,0.1,10000,0.0581,0.00506273156544033,0.00493200854461177,0,0.049746384,0.0346025138948217,1243.6596,865.062847370542
"vasicek","Clopper_Pearson",0.05,25000,0.1,10000,0.0591,0.00510323686935932,0.00497244580325004,0,0.049746384,0.0346025138948217,1243.6596,865.062847370542
"vasicek","Wilson",0.05,25000,0.1,10000,0.0589,0.00506457628751229,0.00493364350683992,0,0.049746384,0.0346025138948217,1243.6596,865.062847370542
"vasicek","Agresti_Coull",0.05,25000,0.1,10000,0.0589,0.00506680759191504,0.00493565621666836,0,0.049746384,0.0346025138948217,1243.6596,865.062847370542
"vasicek","Wald",0.05,25000,0.2,10000,0.0413,0.00470388495712216,0.00442223381897153,7e-04,0.04947022,0.0520556766704551,1236.7555,1301.39191676138
"vasicek","Clopper_Pearson",0.05,25000,0.2,10000,0.0415,0.00474470950611148,0.00446280218389598,1e-04,0.04947022,0.0520556766704551,1236.7555,1301.39191676138
"vasicek","Wilson",0.05,25000,0.2,10000,0.0412,0.00470659465901158,0.00442422276105885,1e-04,0.04947022,0.0520556766704551,1236.7555,1301.39191676138
"vasicek","Agresti_Coull",0.05,25000,0.2,10000,0.0412,0.00470961575663446,0.00442654983806774,3e-04,0.04947022,0.0520556766704551,1236.7555,1301.39191676138
"vasicek","Wald",0.05,25000,0.25,10000,0.0316,0.00450605452319363,0.00407718067128804,0.0017,0.049248852,0.05997947143733,1231.2213,1499.48678593325
"vasicek","Clopper_Pearson",0.05,25000,0.25,10000,0.032,0.004547146391001,0.00411785099678361,4e-04,0.049248852,0.05997947143733,1231.2213,1499.48678593325
"vasicek","Wilson",0.05,25000,0.25,10000,0.0318,0.00450944187334963,0.00407944829508516,4e-04,0.049248852,0.05997947143733,1231.2213,1499.48678593325
"vasicek","Agresti_Coull",0.05,25000,0.25,10000,0.0318,0.0045130380462577,0.00408202710137482,0.0011,0.049248852,0.05997947143733,1231.2213,1499.48678593325
"independent","Wald",0.05,50000,0,10000,0.952,0.00382033558773252,0.00382067317610885,0,0.049996154,0.000968053511456936,2499.8077,48.4026755728468
"independent","Clopper_Pearson",0.05,50000,0,10000,0.9544,0.00384045341684667,0.00384079094764801,0,0.049996154,0.000968053511456936,2499.8077,48.4026755728468
"independent","Wilson",0.05,50000,0,10000,0.9533,0.00382081456433964,0.0038211519935832,0,0.049996154,0.000968053511456936,2499.8077,48.4026755728468
"independent","Agresti_Coull",0.05,50000,0,10000,0.9533,0.00382144013854185,0.00382177742174086,0,0.049996154,0.000968053511456936,2499.8077,48.4026755728468
"vasicek","Wald",0.05,50000,0.01,10000,0.1524,0.00379603773242824,0.00379377151473874,0,0.049937958,0.0103138506204859,2496.8979,515.692531024297
"vasicek","Clopper_Pearson",0.05,50000,0.01,10000,0.1529,0.00381616067481349,0.00381389213728909,0,0.049937958,0.0103138506204859,2496.8979,515.692531024297
"vasicek","Wilson",0.05,50000,0.01,10000,0.1525,0.00379653103009481,0.00379425787439476,0,0.049937958,0.0103138506204859,2496.8979,515.692531024297
"vasicek","Agresti_Coull",0.05,50000,0.01,10000,0.1525,0.00379716997937965,0.00379488980799507,0,0.049937958,0.0103138506204859,2496.8979,515.692531024297
"vasicek","Wald",0.05,50000,0.05,10000,0.0646,0.00370321280412527,0.00366475992454786,0,0.049936474,0.0239653803281473,2496.8237,1198.26901640737
"vasicek","Clopper_Pearson",0.05,50000,0.05,10000,0.0651,0.00372335793046282,0.00368489459712186,0,0.049936474,0.0239653803281473,2496.8237,1198.26901640737
"vasicek","Wilson",0.05,50000,0.05,10000,0.0649,0.00370376864843625,0.0036652835708374,0,0.049936474,0.0239653803281473,2496.8237,1198.26901640737
"vasicek","Agresti_Coull",0.05,50000,0.05,10000,0.0649,0.00370446650735024,0.00366594781781032,0,0.049936474,0.0239653803281473,2496.8237,1198.26901640737
"vasicek","Wald",0.05,50000,0.1,10000,0.0453,0.0035861393156969,0.00350036354642354,0,0.049958894,0.0349537881361559,2497.9447,1747.68940680779
"vasicek","Clopper_Pearson",0.05,50000,0.1,10000,0.0456,0.0036063177415512,0.00352051711068418,0,0.049958894,0.0349537881361559,2497.9447,1747.68940680779
"vasicek","Wilson",0.05,50000,0.1,10000,0.0454,0.0035867897691035,0.00350093762921493,0,0.049958894,0.0349537881361559,2497.9447,1747.68940680779
"vasicek","Agresti_Coull",0.05,50000,0.1,10000,0.0454,0.00358757755797839,0.00350164597149759,0,0.049958894,0.0349537881361559,2497.9447,1747.68940680779
"vasicek","Wald",0.05,50000,0.2,10000,0.0296,0.00331697171526952,0.0030942016961688,0,0.049185778,0.0516664529939032,2459.2889,2583.32264969516
"vasicek","Clopper_Pearson",0.05,50000,0.2,10000,0.0298,0.00333725285522256,0.00311440775473132,0,0.049185778,0.0516664529939032,2459.2889,2583.32264969516
"vasicek","Wilson",0.05,50000,0.2,10000,0.0294,0.00331791665747819,0.00309491760531377,0,0.049185778,0.0516664529939032,2459.2889,2583.32264969516
"vasicek","Agresti_Coull",0.05,50000,0.2,10000,0.0294,0.00331898660279639,0.00309575208089759,0,0.049185778,0.0516664529939032,2459.2889,2583.32264969516
"vasicek","Wald",0.05,50000,0.25,10000,0.0251,0.00324619846078965,0.00296767172370312,3e-04,0.050912328,0.0612837949292675,2545.6164,3064.18974646337
"vasicek","Clopper_Pearson",0.05,50000,0.25,10000,0.0249,0.00326654814044165,0.00298789622584349,0,0.050912328,0.0612837949292675,2545.6164,3064.18974646337
"vasicek","Wilson",0.05,50000,0.25,10000,0.0246,0.00324733504308585,0.00296843799842765,0,0.050912328,0.0612837949292675,2545.6164,3064.18974646337
"vasicek","Agresti_Coull",0.05,50000,0.25,10000,0.0246,0.00324858443995727,0.0029693179399149,1e-04,0.050912328,0.0612837949292675,2545.6164,3064.18974646337
"independent","Wald",0.05,1e+05,0,10000,0.9507,0.00270145777231742,0.00270162391152411,0,0.04999624,0.000683355412550443,4999.624,68.3355412550443
"independent","Clopper_Pearson",0.05,1e+05,0,10000,0.9522,0.00271149954673661,0.00271166567330968,0,0.04999624,0.000683355412550443,4999.624,68.3355412550443
"independent","Wilson",0.05,1e+05,0,10000,0.9518,0.00270162711478498,0.00270179321936827,0,0.04999624,0.000683355412550443,4999.624,68.3355412550443
"independent","Agresti_Coull",0.05,1e+05,0,10000,0.9518,0.00270184831683561,0.00270201438999859,0,0.04999624,0.000683355412550443,4999.624,68.3355412550443
"vasicek","Wald",0.05,1e+05,0.01,10000,0.1006,0.00268602433939852,0.00268040590733722,0,0.050034662,0.0105564242911668,5003.4662,1055.64242911668
"vasicek","Clopper_Pearson",0.05,1e+05,0.01,10000,0.1019,0.00269606786579851,0.00269044879413115,0,0.050034662,0.0105564242911668,5003.4662,1055.64242911668
"vasicek","Wilson",0.05,1e+05,0.01,10000,0.1016,0.00268619860953028,0.00268057819174727,0,0.050034662,0.0105564242911668,5003.4662,1055.64242911668
"vasicek","Agresti_Coull",0.05,1e+05,0.01,10000,0.1016,0.00268642444057354,0.00268080193074642,0,0.050034662,0.0105564242911668,5003.4662,1055.64242911668
"vasicek","Wald",0.05,1e+05,0.05,10000,0.0428,0.00262457924562044,0.00258517318119814,0,0.05019211,0.0241891049476353,5019.211,2418.91049476353
"vasicek","Clopper_Pearson",0.05,1e+05,0.05,10000,0.0429,0.00263463031318422,0.0025952212650372,0,0.05019211,0.0241891049476353,5019.211,2418.91049476353
"vasicek","Wilson",0.05,1e+05,0.05,10000,0.0428,0.00262477480848926,0.00258535926226026,0,0.05019211,0.0241891049476353,5019.211,2418.91049476353
"vasicek","Agresti_Coull",0.05,1e+05,0.05,10000,0.0428,0.00262502073990964,0.0025855949655271,0,0.05019211,0.0241891049476353,5019.211,2418.91049476353
"vasicek","Wald",0.05,1e+05,0.1,10000,0.0254,0.00253092661093727,0.00245022362526548,0,0.049843883,0.0352732731805881,4984.3883,3527.32731805881
"vasicek","Clopper_Pearson",0.05,1e+05,0.1,10000,0.0259,0.00254099013089197,0.00246027952964951,0,0.049843883,0.0352732731805881,4984.3883,3527.32731805881
"vasicek","Wilson",0.05,1e+05,0.1,10000,0.0259,0.00253115746076941,0.00245043060629807,0,0.049843883,0.0352732731805881,4984.3883,3527.32731805881
"vasicek","Agresti_Coull",0.05,1e+05,0.1,10000,0.0259,0.00253143684879917,0.00245068461204918,0,0.049843883,0.0352732731805881,4984.3883,3527.32731805881
"vasicek","Wald",0.05,1e+05,0.2,10000,0.0219,0.0023707556922581,0.00222002306725126,0,0.050255614,0.0529168862058944,5025.5614,5291.68862058944
"vasicek","Clopper_Pearson",0.05,1e+05,0.2,10000,0.0222,0.00238085241344789,0.00223009380217071,0,0.050255614,0.0529168862058944,5025.5614,5291.68862058944
"vasicek","Wilson",0.05,1e+05,0.2,10000,0.0222,0.00237108204487342,0.00222027010865561,0,0.050255614,0.0529168862058944,5025.5614,5291.68862058944
"vasicek","Agresti_Coull",0.05,1e+05,0.2,10000,0.0222,0.00237145350682775,0.00222055974055207,0,0.050255614,0.0529168862058944,5025.5614,5291.68862058944
"vasicek","Wald",0.05,1e+05,0.25,10000,0.0184,0.00227005826933268,0.00206473908640774,4e-04,0.049879343,0.0598700234966523,4987.9343,5987.00234966523
"vasicek","Clopper_Pearson",0.05,1e+05,0.25,10000,0.0185,0.00228018885533822,0.00207482115390947,0,0.049879343,0.0598700234966523,4987.9343,5987.00234966523
"vasicek","Wilson",0.05,1e+05,0.25,10000,0.0185,0.00227047614428956,0.00206501708150789,0,0.049879343,0.0598700234966523,4987.9343,5987.00234966523
"vasicek","Agresti_Coull",0.05,1e+05,0.25,10000,0.0185,0.00227093132979371,0.00206533467246177,2e-04,0.049879343,0.0598700234966523,4987.9343,5987.00234966523
