"method","p","n","rho","coverage_vasicek","coverage_ind","coverage_drop"
"Agresti_Coull",0.001,5000,0.01,0.9139,0.9586,0.0447
"Clopper_Pearson",0.001,5000,0.01,0.9414,0.979,0.0376
"Wald",0.001,5000,0.01,0.7818,0.8719,0.0901
"Wilson",0.001,5000,0.01,0.9139,0.9586,0.0447
"Agresti_Coull",0.001,5000,0.05,0.7789,0.9586,0.1797
"Clopper_Pearson",0.001,5000,0.05,0.8075,0.979,0.1715
"Wald",0.001,5000,0.05,0.5649,0.8719,0.307
"Wilson",0.001,5000,0.05,0.7789,0.9586,0.1797
"Agresti_Coull",0.001,5000,0.1,0.6705,0.9586,0.2881
"Clopper_Pearson",0.001,5000,0.1,0.6918,0.979,0.2872
"Wald",0.001,5000,0.1,0.4142,0.8719,0.4577
"Wilson",0.001,5000,0.1,0.6705,0.9586,0.2881
"Agresti_Coull",0.001,5000,0.2,0.5153,0.9586,0.4433
"Clopper_Pearson",0.001,5000,0.2,0.528,0.979,0.451
"Wald",0.001,5000,0.2,0.2636,0.8719,0.6083
"Wilson",0.001,5000,0.2,0.5153,0.9586,0.4433
"Agresti_Coull",0.001,5000,0.25,0.4403,0.9586,0.5183
"Clopper_Pearson",0.001,5000,0.25,0.4527,0.979,0.5263
"Wald",0.001,5000,0.25,0.2181,0.8719,0.6538
"Wilson",0.001,5000,0.25,0.4403,0.9586,0.5183
"Agresti_Coull",0.001,10000,0.01,0.8615,0.9612,0.0997
"Clopper_Pearson",0.001,10000,0.01,0.8838,0.9745,0.0907
"Wald",0.001,10000,0.01,0.791,0.9236,0.1326
"Wilson",0.001,10000,0.01,0.8615,0.9612,0.0997
"Agresti_Coull",0.001,10000,0.05,0.6131,0.9612,0.3481
"Clopper_Pearson",0.001,10000,0.05,0.6299,0.9745,0.3446
"Wald",0.001,10000,0.05,0.5004,0.9236,0.4232
"Wilson",0.001,10000,0.05,0.6131,0.9612,0.3481
"Agresti_Coull",0.001,10000,0.1,0.463,0.9612,0.4982
"Clopper_Pearson",0.001,10000,0.1,0.478,0.9745,0.4965
"Wald",0.001,10000,0.1,0.349,0.9236,0.5746
"Wilson",0.001,10000,0.1,0.463,0.9612,0.4982
"Agresti_Coull",0.001,10000,0.2,0.2959,0.9612,0.6653
"Clopper_Pearson",0.001,10000,0.2,0.3032,0.9745,0.6713
"Wald",0.001,10000,0.2,0.2159,0.9236,0.7077
"Wilson",0.001,10000,0.2,0.2959,0.9612,0.6653
"Agresti_Coull",0.001,10000,0.25,0.2415,0.9612,0.7197
"Clopper_Pearson",0.001,10000,0.25,0.2485,0.9745,0.726
"Wald",0.001,10000,0.25,0.1774,0.9236,0.7462
"Wilson",0.001,10000,0.25,0.2415,0.9612,0.7197
"Agresti_Coull",0.001,25000,0.01,0.6837,0.941,0.2573
"Clopper_Pearson",0.001,25000,0.01,0.7037,0.9531,0.2494
"Wald",0.001,25000,0.01,0.6879,0.9432,0.2553
"Wilson",0.001,25000,0.01,0.6837,0.941,0.2573
"Agresti_Coull",0.001,25000,0.05,0.3735,0.941,0.5675
"Clopper_Pearson",0.001,25000,0.05,0.3838,0.9531,0.5693
"Wald",0.001,25000,0.05,0.3653,0.9432,0.5779
"Wilson",0.001,25000,0.05,0.3735,0.941,0.5675
"Agresti_Coull",0.001,25000,0.1,0.2454,0.941,0.6956
"Clopper_Pearson",0.001,25000,0.1,0.2537,0.9531,0.6994
"Wald",0.001,25000,0.1,0.2394,0.9432,0.7038
"Wilson",0.001,25000,0.1,0.2454,0.941,0.6956
"Agresti_Coull",0.001,25000,0.2,0.1479,0.941,0.7931
"Clopper_Pearson",0.001,25000,0.2,0.152,0.9531,0.8011
"Wald",0.001,25000,0.2,0.143,0.9432,0.8002
"Wilson",0.001,25000,0.2,0.1479,0.941,0.7931
"Agresti_Coull",0.001,25000,0.25,0.1203,0.941,0.8207
"Clopper_Pearson",0.001,25000,0.25,0.1243,0.9531,0.8288
"Wald",0.001,25000,0.25,0.1169,0.9432,0.8263
"Wilson",0.001,25000,0.25,0.1203,0.941,0.8207
"Agresti_Coull",0.001,50000,0.01,0.5435,0.9437,0.4002
"Clopper_Pearson",0.001,50000,0.01,0.5564,0.9512,0.3948
"Wald",0.001,50000,0.01,0.5446,0.9459,0.4013
"Wilson",0.001,50000,0.01,0.5435,0.9437,0.4002
"Agresti_Coull",0.001,50000,0.05,0.2606,0.9437,0.6831
"Clopper_Pearson",0.001,50000,0.05,0.2653,0.9512,0.6859
"Wald",0.001,50000,0.05,0.2587,0.9459,0.6872
"Wilson",0.001,50000,0.05,0.2606,0.9437,0.6831
"Agresti_Coull",0.001,50000,0.1,0.1732,0.9437,0.7705
"Clopper_Pearson",0.001,50000,0.1,0.177,0.9512,0.7742
"Wald",0.001,50000,0.1,0.1721,0.9459,0.7738
"Wilson",0.001,50000,0.1,0.1732,0.9437,0.7705
"Agresti_Coull",0.001,50000,0.2,0.1001,0.9437,0.8436
"Clopper_Pearson",0.001,50000,0.2,0.1028,0.9512,0.8484
"Wald",0.001,50000,0.2,0.0987,0.9459,0.8472
"Wilson",0.001,50000,0.2,0.1001,0.9437,0.8436
"Agresti_Coull",0.001,50000,0.25,0.0806,0.9437,0.8631
"Clopper_Pearson",0.001,50000,0.25,0.082,0.9512,0.8692
"Wald",0.001,50000,0.25,0.0784,0.9459,0.8675
"Wilson",0.001,50000,0.25,0.0806,0.9437,0.8631
"Agresti_Coull",0.001,1e+05,0.01,0.4214,0.9494,0.528
"Clopper_Pearson",0.001,1e+05,0.01,0.429,0.9556,0.5266
"Wald",0.001,1e+05,0.01,0.4121,0.9456,0.5335
"Wilson",0.001,1e+05,0.01,0.4214,0.9494,0.528
"Agresti_Coull",0.001,1e+05,0.05,0.1911,0.9494,0.7583
"Clopper_Pearson",0.001,1e+05,0.05,0.1953,0.9556,0.7603
"Wald",0.001,1e+05,0.05,0.1862,0.9456,0.7594
"Wilson",0.001,1e+05,0.05,0.1911,0.9494,0.7583
"Agresti_Coull",0.001,1e+05,0.1,0.1281,0.9494,0.8213
"Clopper_Pearson",0.001,1e+05,0.1,0.1308,0.9556,0.8248
"Wald",0.001,1e+05,0.1,0.126,0.9456,0.8196
"Wilson",0.001,1e+05,0.1,0.1281,0.9494,0.8213
"Agresti_Coull",0.001,1e+05,0.2,0.0727,0.9494,0.8767
"Clopper_Pearson",0.001,1e+05,0.2,0.0745,0.9556,0.8811
"Wald",0.001,1e+05,0.2,0.0721,0.9456,0.8735
"Wilson",0.001,1e+05,0.2,0.0727,0.9494,0.8767
"Agresti_Coull",0.001,1e+05,0.25,0.0571,0.9494,0.8923
"Clopper_Pearson",0.001,1e+05,0.25,0.0587,0.9556,0.8969
"Wald",0.001,1e+05,0.25,0.0555,0.9456,0.8901
"Wilson",0.001,1e+05,0.25,0.0571,0.9494,0.8923
"Agresti_Coull",0.005,5000,0.01,0.7375,0.942,0.2045
"Clopper_Pearson",0.005,5000,0.01,0.7567,0.9533,0.1966
"Wald",0.005,5000,0.01,0.7421,0.9451,0.203
"Wilson",0.005,5000,0.01,0.7375,0.942,0.2045
"Agresti_Coull",0.005,5000,0.05,0.4298,0.942,0.5122
"Clopper_Pearson",0.005,5000,0.05,0.4425,0.9533,0.5108
"Wald",0.005,5000,0.05,0.4215,0.9451,0.5236
"Wilson",0.005,5000,0.05,0.4298,0.942,0.5122
"Agresti_Coull",0.005,5000,0.1,0.2978,0.942,0.6442
"Clopper_Pearson",0.005,5000,0.1,0.3069,0.9533,0.6464
"Wald",0.005,5000,0.1,0.2906,0.9451,0.6545
"Wilson",0.005,5000,0.1,0.2978,0.942,0.6442
"Agresti_Coull",0.005,5000,0.2,0.1898,0.942,0.7522
"Clopper_Pearson",0.005,5000,0.2,0.195,0.9533,0.7583
"Wald",0.005,5000,0.2,0.1847,0.9451,0.7604
"Wilson",0.005,5000,0.2,0.1898,0.942,0.7522
"Agresti_Coull",0.005,5000,0.25,0.153,0.942,0.789
"Clopper_Pearson",0.005,5000,0.25,0.157,0.9533,0.7963
"Wald",0.005,5000,0.25,0.1478,0.9451,0.7973
"Wilson",0.005,5000,0.25,0.153,0.942,0.789
"Agresti_Coull",0.005,10000,0.01,0.6006,0.9454,0.3448
"Clopper_Pearson",0.005,10000,0.01,0.6134,0.9537,0.3403
"Wald",0.005,10000,0.01,0.6054,0.9493,0.3439
"Wilson",0.005,10000,0.01,0.6006,0.9454,0.3448
"Agresti_Coull",0.005,10000,0.05,0.3079,0.9454,0.6375
"Clopper_Pearson",0.005,10000,0.05,0.315,0.9537,0.6387
"Wald",0.005,10000,0.05,0.3067,0.9493,0.6426
"Wilson",0.005,10000,0.05,0.3079,0.9454,0.6375
"Agresti_Coull",0.005,10000,0.1,0.214,0.9454,0.7314
"Clopper_Pearson",0.005,10000,0.1,0.2199,0.9537,0.7338
"Wald",0.005,10000,0.1,0.2128,0.9493,0.7365
"Wilson",0.005,10000,0.1,0.214,0.9454,0.7314
"Agresti_Coull",0.005,10000,0.2,0.1284,0.9454,0.817
"Clopper_Pearson",0.005,10000,0.2,0.1309,0.9537,0.8228
"Wald",0.005,10000,0.2,0.1265,0.9493,0.8228
"Wilson",0.005,10000,0.2,0.1284,0.9454,0.817
"Agresti_Coull",0.005,10000,0.25,0.1081,0.9454,0.8373
"Clopper_Pearson",0.005,10000,0.25,0.1113,0.9537,0.8424
"Wald",0.005,10000,0.25,0.1072,0.9493,0.8421
"Wilson",0.005,10000,0.25,0.1081,0.9454,0.8373
"Agresti_Coull",0.005,25000,0.01,0.4323,0.9485,0.5162
"Clopper_Pearson",0.005,25000,0.01,0.4388,0.9536,0.5148
"Wald",0.005,25000,0.01,0.435,0.9523,0.5173
"Wilson",0.005,25000,0.01,0.4323,0.9485,0.5162
"Agresti_Coull",0.005,25000,0.05,0.1995,0.9485,0.749
"Clopper_Pearson",0.005,25000,0.05,0.203,0.9536,0.7506
"Wald",0.005,25000,0.05,0.2003,0.9523,0.752
"Wilson",0.005,25000,0.05,0.1995,0.9485,0.749
"Agresti_Coull",0.005,25000,0.1,0.1368,0.9485,0.8117
"Clopper_Pearson",0.005,25000,0.1,0.1384,0.9536,0.8152
"Wald",0.005,25000,0.1,0.1367,0.9523,0.8156
"Wilson",0.005,25000,0.1,0.1368,0.9485,0.8117
"Agresti_Coull",0.005,25000,0.2,0.0854,0.9485,0.8631
"Clopper_Pearson",0.005,25000,0.2,0.0864,0.9536,0.8672
"Wald",0.005,25000,0.2,0.0866,0.9523,0.8657
"Wilson",0.005,25000,0.2,0.0854,0.9485,0.8631
"Agresti_Coull",0.005,25000,0.25,0.0625,0.9485,0.886
"Clopper_Pearson",0.005,25000,0.25,0.0633,0.9536,0.8903
"Wald",0.005,25000,0.25,0.0623,0.9523,0.89
"Wilson",0.005,25000,0.25,0.0625,0.9485,0.886
"Agresti_Coull",0.005,50000,0.01,0.3203,0.942,0.6217
"Clopper_Pearson",0.005,50000,0.01,0.3255,0.9458,0.6203
"Wald",0.005,50000,0.01,0.3247,0.9443,0.6196
"Wilson",0.005,50000,0.01,0.3203,0.942,0.6217
"Agresti_Coull",0.005,50000,0.05,0.1408,0.942,0.8012
"Clopper_Pearson",0.005,50000,0.05,0.1427,0.9458,0.8031
"Wald",0.005,50000,0.05,0.1419,0.9443,0.8024
"Wilson",0.005,50000,0.05,0.1408,0.942,0.8012
"Agresti_Coull",0.005,50000,0.1,0.0968,0.942,0.8452
"Clopper_Pearson",0.005,50000,0.1,0.0978,0.9458,0.848
"Wald",0.005,50000,0.1,0.0976,0.9443,0.8467
"Wilson",0.005,50000,0.1,0.0968,0.942,0.8452
"Agresti_Coull",0.005,50000,0.2,0.056,0.942,0.886
"Clopper_Pearson",0.005,50000,0.2,0.057,0.9458,0.8888
"Wald",0.005,50000,0.2,0.0569,0.9443,0.8874
"Wilson",0.005,50000,0.2,0.056,0.942,0.886
"Agresti_Coull",0.005,50000,0.25,0.0461,0.942,0.8959
"Clopper_Pearson",0.005,50000,0.25,0.0465,0.9458,0.8993
"Wald",0.005,50000,0.25,0.0466,0.9443,0.8977
"Wilson",0.005,50000,0.25,0.0461,0.942,0.8959
"Agresti_Coull",0.005,1e+05,0.01,0.2332,0.9471,0.7139
"Clopper_Pearson",0.005,1e+05,0.01,0.235,0.9501,0.7151
"Wald",0.005,1e+05,0.01,0.231,0.9473,0.7163
"Wilson",0.005,1e+05,0.01,0.2332,0.9471,0.7139
"Agresti_Coull",0.005,1e+05,0.05,0.0987,0.9471,0.8484
"Clopper_Pearson",0.005,1e+05,0.05,0.0998,0.9501,0.8503
"Wald",0.005,1e+05,0.05,0.0976,0.9473,0.8497
"Wilson",0.005,1e+05,0.05,0.0987,0.9471,0.8484
"Agresti_Coull",0.005,1e+05,0.1,0.0663,0.9471,0.8808
"Clopper_Pearson",0.005,1e+05,0.1,0.0665,0.9501,0.8836
"Wald",0.005,1e+05,0.1,0.0655,0.9473,0.8818
"Wilson",0.005,1e+05,0.1,0.0663,0.9471,0.8808
"Agresti_Coull",0.005,1e+05,0.2,0.0392,0.9471,0.9079
"Clopper_Pearson",0.005,1e+05,0.2,0.0394,0.9501,0.9107
"Wald",0.005,1e+05,0.2,0.0389,0.9473,0.9084
"Wilson",0.005,1e+05,0.2,0.0392,0.9471,0.9079
"Agresti_Coull",0.005,1e+05,0.25,0.0328,0.9471,0.9143
"Clopper_Pearson",0.005,1e+05,0.25,0.0328,0.9501,0.9173
"Wald",0.005,1e+05,0.25,0.0318,0.9473,0.9155
"Wilson",0.005,1e+05,0.25,0.0328,0.9471,0.9143
"Agresti_Coull",0.01,5000,0.01,0.6385,0.9456,0.3071
"Clopper_Pearson",0.01,5000,0.01,0.652,0.9526,0.3006
"Wald",0.01,5000,0.01,0.6443,0.9465,0.3022
"Wilson",0.01,5000,0.01,0.6385,0.9456,0.3071
"Agresti_Coull",0.01,5000,0.05,0.3316,0.9456,0.614
"Clopper_Pearson",0.01,5000,0.05,0.3395,0.9526,0.6131
"Wald",0.01,5000,0.05,0.329,0.9465,0.6175
"Wilson",0.01,5000,0.05,0.3316,0.9456,0.614
"Agresti_Coull",0.01,5000,0.1,0.2303,0.9456,0.7153
"Clopper_Pearson",0.01,5000,0.1,0.2365,0.9526,0.7161
"Wald",0.01,5000,0.1,0.2312,0.9465,0.7153
"Wilson",0.01,5000,0.1,0.2303,0.9456,0.7153
"Agresti_Coull",0.01,5000,0.2,0.1389,0.9456,0.8067
"Clopper_Pearson",0.01,5000,0.2,0.1429,0.9526,0.8097
"Wald",0.01,5000,0.2,0.1401,0.9465,0.8064
"Wilson",0.01,5000,0.2,0.1389,0.9456,0.8067
"Agresti_Coull",0.01,5000,0.25,0.1167,0.9456,0.8289
"Clopper_Pearson",0.01,5000,0.25,0.1197,0.9526,0.8329
"Wald",0.01,5000,0.25,0.1181,0.9465,0.8284
"Wilson",0.01,5000,0.25,0.1167,0.9456,0.8289
"Agresti_Coull",0.01,10000,0.01,0.4981,0.9546,0.4565
"Clopper_Pearson",0.01,10000,0.01,0.5093,0.9598,0.4505
"Wald",0.01,10000,0.01,0.4923,0.9516,0.4593
"Wilson",0.01,10000,0.01,0.4981,0.9546,0.4565
"Agresti_Coull",0.01,10000,0.05,0.2383,0.9546,0.7163
"Clopper_Pearson",0.01,10000,0.05,0.2423,0.9598,0.7175
"Wald",0.01,10000,0.05,0.2322,0.9516,0.7194
"Wilson",0.01,10000,0.05,0.2383,0.9546,0.7163
"Agresti_Coull",0.01,10000,0.1,0.1612,0.9546,0.7934
"Clopper_Pearson",0.01,10000,0.1,0.1654,0.9598,0.7944
"Wald",0.01,10000,0.1,0.1585,0.9516,0.7931
"Wilson",0.01,10000,0.1,0.1612,0.9546,0.7934
"Agresti_Coull",0.01,10000,0.2,0.1074,0.9546,0.8472
"Clopper_Pearson",0.01,10000,0.2,0.1093,0.9598,0.8505
"Wald",0.01,10000,0.2,0.1043,0.9516,0.8473
"Wilson",0.01,10000,0.2,0.1074,0.9546,0.8472
"Agresti_Coull",0.01,10000,0.25,0.0883,0.9546,0.8663
"Clopper_Pearson",0.01,10000,0.25,0.0905,0.9598,0.8693
"Wald",0.01,10000,0.25,0.0855,0.9516,0.8661
"Wilson",0.01,10000,0.25,0.0883,0.9546,0.8663
"Agresti_Coull",0.01,25000,0.01,0.3418,0.946,0.6042
"Clopper_Pearson",0.01,25000,0.01,0.3466,0.949,0.6024
"Wald",0.01,25000,0.01,0.3464,0.9485,0.6021
"Wilson",0.01,25000,0.01,0.3418,0.946,0.6042
"Agresti_Coull",0.01,25000,0.05,0.1517,0.946,0.7943
"Clopper_Pearson",0.01,25000,0.05,0.1539,0.949,0.7951
"Wald",0.01,25000,0.05,0.153,0.9485,0.7955
"Wilson",0.01,25000,0.05,0.1517,0.946,0.7943
"Agresti_Coull",0.01,25000,0.1,0.1053,0.946,0.8407
"Clopper_Pearson",0.01,25000,0.1,0.1066,0.949,0.8424
"Wald",0.01,25000,0.1,0.1066,0.9485,0.8419
"Wilson",0.01,25000,0.1,0.1053,0.946,0.8407
"Agresti_Coull",0.01,25000,0.2,0.0601,0.946,0.8859
"Clopper_Pearson",0.01,25000,0.2,0.0605,0.949,0.8885
"Wald",0.01,25000,0.2,0.0602,0.9485,0.8883
"Wilson",0.01,25000,0.2,0.0601,0.946,0.8859
"Agresti_Coull",0.01,25000,0.25,0.0511,0.946,0.8949
"Clopper_Pearson",0.01,25000,0.25,0.0519,0.949,0.8971
"Wald",0.01,25000,0.25,0.0512,0.9485,0.8973
"Wilson",0.01,25000,0.25,0.0511,0.946,0.8949
"Agresti_Coull",0.01,50000,0.01,0.2513,0.948,0.6967
"Clopper_Pearson",0.01,50000,0.01,0.2534,0.9504,0.697
"Wald",0.01,50000,0.01,0.2501,0.9488,0.6987
"Wilson",0.01,50000,0.01,0.2513,0.948,0.6967
"Agresti_Coull",0.01,50000,0.05,0.1114,0.948,0.8366
"Clopper_Pearson",0.01,50000,0.05,0.1127,0.9504,0.8377
"Wald",0.01,50000,0.05,0.1111,0.9488,0.8377
"Wilson",0.01,50000,0.05,0.1114,0.948,0.8366
"Agresti_Coull",0.01,50000,0.1,0.0794,0.948,0.8686
"Clopper_Pearson",0.01,50000,0.1,0.0799,0.9504,0.8705
"Wald",0.01,50000,0.1,0.0781,0.9488,0.8707
"Wilson",0.01,50000,0.1,0.0794,0.948,0.8686
"Agresti_Coull",0.01,50000,0.2,0.0421,0.948,0.9059
"Clopper_Pearson",0.01,50000,0.2,0.0427,0.9504,0.9077
"Wald",0.01,50000,0.2,0.042,0.9488,0.9068
"Wilson",0.01,50000,0.2,0.0421,0.948,0.9059
"Agresti_Coull",0.01,50000,0.25,0.0384,0.948,0.9096
"Clopper_Pearson",0.01,50000,0.25,0.0386,0.9504,0.9118
"Wald",0.01,50000,0.25,0.0381,0.9488,0.9107
"Wilson",0.01,50000,0.25,0.0384,0.948,0.9096
"Agresti_Coull",0.01,1e+05,0.01,0.181,0.9504,0.7694
"Clopper_Pearson",0.01,1e+05,0.01,0.1824,0.9521,0.7697
"Wald",0.01,1e+05,0.01,0.1801,0.9511,0.771
"Wilson",0.01,1e+05,0.01,0.181,0.9504,0.7694
"Agresti_Coull",0.01,1e+05,0.05,0.0747,0.9504,0.8757
"Clopper_Pearson",0.01,1e+05,0.05,0.0753,0.9521,0.8768
"Wald",0.01,1e+05,0.05,0.0747,0.9511,0.8764
"Wilson",0.01,1e+05,0.05,0.0747,0.9504,0.8757
"Agresti_Coull",0.01,1e+05,0.1,0.0479,0.9504,0.9025
"Clopper_Pearson",0.01,1e+05,0.1,0.0482,0.9521,0.9039
"Wald",0.01,1e+05,0.1,0.0482,0.9511,0.9029
"Wilson",0.01,1e+05,0.1,0.0479,0.9504,0.9025
"Agresti_Coull",0.01,1e+05,0.2,0.0324,0.9504,0.918
"Clopper_Pearson",0.01,1e+05,0.2,0.0326,0.9521,0.9195
"Wald",0.01,1e+05,0.2,0.0323,0.9511,0.9188
"Wilson",0.01,1e+05,0.2,0.0324,0.9504,0.918
"Agresti_Coull",0.01,1e+05,0.25,0.0242,0.9504,0.9262
"Clopper_Pearson",0.01,1e+05,0.25,0.0244,0.9521,0.9277
"Wald",0.01,1e+05,0.25,0.0244,0.9511,0.9267
"Wilson",0.01,1e+05,0.25,0.0242,0.9504,0.9262
"Agresti_Coull",0.02,5000,0.01,0.5505,0.9509,0.4004
"Clopper_Pearson",0.02,5000,0.01,0.5617,0.9567,0.395
"Wald",0.02,5000,0.01,0.5425,0.9492,0.4067
"Wilson",0.02,5000,0.01,0.5505,0.9509,0.4004
"Agresti_Coull",0.02,5000,0.05,0.262,0.9509,0.6889
"Clopper_Pearson",0.02,5000,0.05,0.2668,0.9567,0.6899
"Wald",0.02,5000,0.05,0.2547,0.9492,0.6945
"Wilson",0.02,5000,0.05,0.262,0.9509,0.6889
"Agresti_Coull",0.02,5000,0.1,0.1914,0.9509,0.7595
"Clopper_Pearson",0.02,5000,0.1,0.1944,0.9567,0.7623
"Wald",0.02,5000,0.1,0.1886,0.9492,0.7606
"Wilson",0.02,5000,0.1,0.1914,0.9509,0.7595
"Agresti_Coull",0.02,5000,0.2,0.1167,0.9509,0.8342
"Clopper_Pearson",0.02,5000,0.2,0.1176,0.9567,0.8391
"Wald",0.02,5000,0.2,0.1135,0.9492,0.8357
"Wilson",0.02,5000,0.2,0.1167,0.9509,0.8342
"Agresti_Coull",0.02,5000,0.25,0.0968,0.9509,0.8541
"Clopper_Pearson",0.02,5000,0.25,0.0997,0.9567,0.857
"Wald",0.02,5000,0.25,0.0958,0.9492,0.8534
"Wilson",0.02,5000,0.25,0.0968,0.9509,0.8541
"Agresti_Coull",0.02,10000,0.01,0.4105,0.9509,0.5404
"Clopper_Pearson",0.02,10000,0.01,0.4159,0.9549,0.539
"Wald",0.02,10000,0.01,0.4061,0.9476,0.5415
"Wilson",0.02,10000,0.01,0.4105,0.9509,0.5404
"Agresti_Coull",0.02,10000,0.05,0.195,0.9509,0.7559
"Clopper_Pearson",0.02,10000,0.05,0.1975,0.9549,0.7574
"Wald",0.02,10000,0.05,0.1918,0.9476,0.7558
"Wilson",0.02,10000,0.05,0.195,0.9509,0.7559
"Agresti_Coull",0.02,10000,0.1,0.1327,0.9509,0.8182
"Clopper_Pearson",0.02,10000,0.1,0.1342,0.9549,0.8207
"Wald",0.02,10000,0.1,0.1312,0.9476,0.8164
"Wilson",0.02,10000,0.1,0.1327,0.9509,0.8182
"Agresti_Coull",0.02,10000,0.2,0.0799,0.9509,0.871
"Clopper_Pearson",0.02,10000,0.2,0.0812,0.9549,0.8737
"Wald",0.02,10000,0.2,0.0788,0.9476,0.8688
"Wilson",0.02,10000,0.2,0.0799,0.9509,0.871
"Agresti_Coull",0.02,10000,0.25,0.0657,0.9509,0.8852
"Clopper_Pearson",0.02,10000,0.25,0.067,0.9549,0.8879
"Wald",0.02,10000,0.25,0.0657,0.9476,0.8819
"Wilson",0.02,10000,0.25,0.0657,0.9509,0.8852
"Agresti_Coull",0.02,25000,0.01,0.2816,0.9501,0.6685
"Clopper_Pearson",0.02,25000,0.01,0.2842,0.9529,0.6687
"Wald",0.02,25000,0.01,0.2786,0.9498,0.6712
"Wilson",0.02,25000,0.01,0.2816,0.9501,0.6685
"Agresti_Coull",0.02,25000,0.05,0.1184,0.9501,0.8317
"Clopper_Pearson",0.02,25000,0.05,0.12,0.9529,0.8329
"Wald",0.02,25000,0.05,0.118,0.9498,0.8318
"Wilson",0.02,25000,0.05,0.1184,0.9501,0.8317
"Agresti_Coull",0.02,25000,0.1,0.0794,0.9501,0.8707
"Clopper_Pearson",0.02,25000,0.1,0.0808,0.9529,0.8721
"Wald",0.02,25000,0.1,0.0795,0.9498,0.8703
"Wilson",0.02,25000,0.1,0.0794,0.9501,0.8707
"Agresti_Coull",0.02,25000,0.2,0.0542,0.9501,0.8959
"Clopper_Pearson",0.02,25000,0.2,0.055,0.9529,0.8979
"Wald",0.02,25000,0.2,0.0542,0.9498,0.8956
"Wilson",0.02,25000,0.2,0.0542,0.9501,0.8959
"Agresti_Coull",0.02,25000,0.25,0.0425,0.9501,0.9076
"Clopper_Pearson",0.02,25000,0.25,0.043,0.9529,0.9099
"Wald",0.02,25000,0.25,0.0424,0.9498,0.9074
"Wilson",0.02,25000,0.25,0.0425,0.9501,0.9076
"Agresti_Coull",0.02,50000,0.01,0.1998,0.9513,0.7515
"Clopper_Pearson",0.02,50000,0.01,0.2011,0.953,0.7519
"Wald",0.02,50000,0.01,0.1999,0.9496,0.7497
"Wilson",0.02,50000,0.01,0.1998,0.9513,0.7515
"Agresti_Coull",0.02,50000,0.05,0.0881,0.9513,0.8632
"Clopper_Pearson",0.02,50000,0.05,0.0887,0.953,0.8643
"Wald",0.02,50000,0.05,0.0877,0.9496,0.8619
"Wilson",0.02,50000,0.05,0.0881,0.9513,0.8632
"Agresti_Coull",0.02,50000,0.1,0.0585,0.9513,0.8928
"Clopper_Pearson",0.02,50000,0.1,0.0588,0.953,0.8942
"Wald",0.02,50000,0.1,0.0581,0.9496,0.8915
"Wilson",0.02,50000,0.1,0.0585,0.9513,0.8928
"Agresti_Coull",0.02,50000,0.2,0.0372,0.9513,0.9141
"Clopper_Pearson",0.02,50000,0.2,0.0374,0.953,0.9156
"Wald",0.02,50000,0.2,0.0373,0.9496,0.9123
"Wilson",0.02,50000,0.2,0.0372,0.9513,0.9141
"Agresti_Coull",0.02,50000,0.25,0.0292,0.9513,0.9221
"Clopper_Pearson",0.02,50000,0.25,0.0295,0.953,0.9235
"Wald",0.02,50000,0.25,0.0294,0.9496,0.9202
"Wilson",0.02,50000,0.25,0.0292,0.9513,0.9221
"Agresti_Coull",0.02,1e+05,0.01,0.1414,0.9472,0.8058
"Clopper_Pearson",0.02,1e+05,0.01,0.142,0.9491,0.8071
"Wald",0.02,1e+05,0.01,0.1407,0.9473,0.8066
"Wilson",0.02,1e+05,0.01,0.1414,0.9472,0.8058
"Agresti_Coull",0.02,1e+05,0.05,0.0595,0.9472,0.8877
"Clopper_Pearson",0.02,1e+05,0.05,0.06,0.9491,0.8891
"Wald",0.02,1e+05,0.05,0.0596,0.9473,0.8877
"Wilson",0.02,1e+05,0.05,0.0595,0.9472,0.8877
"Agresti_Coull",0.02,1e+05,0.1,0.0367,0.9472,0.9105
"Clopper_Pearson",0.02,1e+05,0.1,0.0369,0.9491,0.9122
"Wald",0.02,1e+05,0.1,0.0368,0.9473,0.9105
"Wilson",0.02,1e+05,0.1,0.0367,0.9472,0.9105
"Agresti_Coull",0.02,1e+05,0.2,0.0234,0.9472,0.9238
"Clopper_Pearson",0.02,1e+05,0.2,0.0237,0.9491,0.9254
"Wald",0.02,1e+05,0.2,0.0233,0.9473,0.924
"Wilson",0.02,1e+05,0.2,0.0234,0.9472,0.9238
"Agresti_Coull",0.02,1e+05,0.25,0.0216,0.9472,0.9256
"Clopper_Pearson",0.02,1e+05,0.25,0.0217,0.9491,0.9274
"Wald",0.02,1e+05,0.25,0.0217,0.9473,0.9256
"Wilson",0.02,1e+05,0.25,0.0216,0.9472,0.9256
"Agresti_Coull",0.05,5000,0.01,0.424,0.9503,0.5263
"Clopper_Pearson",0.05,5000,0.01,0.4294,0.9541,0.5247
"Wald",0.05,5000,0.01,0.4147,0.9464,0.5317
"Wilson",0.05,5000,0.01,0.424,0.9503,0.5263
"Agresti_Coull",0.05,5000,0.05,0.2045,0.9503,0.7458
"Clopper_Pearson",0.05,5000,0.05,0.2075,0.9541,0.7466
"Wald",0.05,5000,0.05,0.2,0.9464,0.7464
"Wilson",0.05,5000,0.05,0.2045,0.9503,0.7458
"Agresti_Coull",0.05,5000,0.1,0.1423,0.9503,0.808
"Clopper_Pearson",0.05,5000,0.1,0.1445,0.9541,0.8096
"Wald",0.05,5000,0.1,0.1402,0.9464,0.8062
"Wilson",0.05,5000,0.1,0.1423,0.9503,0.808
"Agresti_Coull",0.05,5000,0.2,0.0885,0.9503,0.8618
"Clopper_Pearson",0.05,5000,0.2,0.0902,0.9541,0.8639
"Wald",0.05,5000,0.2,0.0868,0.9464,0.8596
"Wilson",0.05,5000,0.2,0.0885,0.9503,0.8618
"Agresti_Coull",0.05,5000,0.25,0.0713,0.9503,0.879
"Clopper_Pearson",0.05,5000,0.25,0.0719,0.9541,0.8822
"Wald",0.05,5000,0.25,0.0692,0.9464,0.8772
"Wilson",0.05,5000,0.25,0.0713,0.9503,0.879
"Agresti_Coull",0.05,10000,0.01,0.3087,0.9466,0.6379
"Clopper_Pearson",0.05,10000,0.01,0.3115,0.9492,0.6377
"Wald",0.05,10000,0.01,0.3101,0.9478,0.6377
"Wilson",0.05,10000,0.01,0.3087,0.9466,0.6379
"Agresti_Coull",0.05,10000,0.05,0.1368,0.9466,0.8098
"Clopper_Pearson",0.05,10000,0.05,0.1383,0.9492,0.8109
"Wald",0.05,10000,0.05,0.1377,0.9478,0.8101
"Wilson",0.05,10000,0.05,0.1368,0.9466,0.8098
"Agresti_Coull",0.05,10000,0.1,0.0968,0.9466,0.8498
"Clopper_Pearson",0.05,10000,0.1,0.0976,0.9492,0.8516
"Wald",0.05,10000,0.1,0.0967,0.9478,0.8511
"Wilson",0.05,10000,0.1,0.0968,0.9466,0.8498
"Agresti_Coull",0.05,10000,0.2,0.0617,0.9466,0.8849
"Clopper_Pearson",0.05,10000,0.2,0.0623,0.9492,0.8869
"Wald",0.05,10000,0.2,0.0627,0.9478,0.8851
"Wilson",0.05,10000,0.2,0.0617,0.9466,0.8849
"Agresti_Coull",0.05,10000,0.25,0.0482,0.9466,0.8984
"Clopper_Pearson",0.05,10000,0.25,0.0487,0.9492,0.9005
"Wald",0.05,10000,0.25,0.0482,0.9478,0.8996
"Wilson",0.05,10000,0.25,0.0482,0.9466,0.8984
"Agresti_Coull",0.05,25000,0.01,0.1966,0.9468,0.7502
"Clopper_Pearson",0.05,25000,0.01,0.1976,0.9494,0.7518
"Wald",0.05,25000,0.01,0.1957,0.947,0.7513
"Wilson",0.05,25000,0.01,0.1966,0.9468,0.7502
"Agresti_Coull",0.05,25000,0.05,0.091,0.9468,0.8558
"Clopper_Pearson",0.05,25000,0.05,0.0915,0.9494,0.8579
"Wald",0.05,25000,0.05,0.0901,0.947,0.8569
"Wilson",0.05,25000,0.05,0.091,0.9468,0.8558
"Agresti_Coull",0.05,25000,0.1,0.0589,0.9468,0.8879
"Clopper_Pearson",0.05,25000,0.1,0.0591,0.9494,0.8903
"Wald",0.05,25000,0.1,0.0581,0.947,0.8889
"Wilson",0.05,25000,0.1,0.0589,0.9468,0.8879
"Agresti_Coull",0.05,25000,0.2,0.0412,0.9468,0.9056
"Clopper_Pearson",0.05,25000,0.2,0.0415,0.9494,0.9079
"Wald",0.05,25000,0.2,0.0413,0.947,0.9057
"Wilson",0.05,25000,0.2,0.0412,0.9468,0.9056
"Agresti_Coull",0.05,25000,0.25,0.0318,0.9468,0.915
"Clopper_Pearson",0.05,25000,0.25,0.032,0.9494,0.9174
"Wald",0.05,25000,0.25,0.0316,0.947,0.9154
"Wilson",0.05,25000,0.25,0.0318,0.9468,0.915
"Agresti_Coull",0.05,50000,0.01,0.1525,0.9533,0.8008
"Clopper_Pearson",0.05,50000,0.01,0.1529,0.9544,0.8015
"Wald",0.05,50000,0.01,0.1524,0.952,0.7996
"Wilson",0.05,50000,0.01,0.1525,0.9533,0.8008
"Agresti_Coull",0.05,50000,0.05,0.0649,0.9533,0.8884
"Clopper_Pearson",0.05,50000,0.05,0.0651,0.9544,0.8893
"Wald",0.05,50000,0.05,0.0646,0.952,0.8874
"Wilson",0.05,50000,0.05,0.0649,0.9533,0.8884
"Agresti_Coull",0.05,50000,0.1,0.0454,0.9533,0.9079
"Clopper_Pearson",0.05,50000,0.1,0.0456,0.9544,0.9088
"Wald",0.05,50000,0.1,0.0453,0.952,0.9067
"Wilson",0.05,50000,0.1,0.0454,0.9533,0.9079
"Agresti_Coull",0.05,50000,0.2,0.0294,0.9533,0.9239
"Clopper_Pearson",0.05,50000,0.2,0.0298,0.9544,0.9246
"Wald",0.05,50000,0.2,0.0296,0.952,0.9224
"Wilson",0.05,50000,0.2,0.0294,0.9533,0.9239
"Agresti_Coull",0.05,50000,0.25,0.0246,0.9533,0.9287
"Clopper_Pearson",0.05,50000,0.25,0.0249,0.9544,0.9295
"Wald",0.05,50000,0.25,0.0251,0.952,0.9269
"Wilson",0.05,50000,0.25,0.0246,0.9533,0.9287
"Agresti_Coull",0.05,1e+05,0.01,0.1016,0.9518,0.8502
"Clopper_Pearson",0.05,1e+05,0.01,0.1019,0.9522,0.8503
"Wald",0.05,1e+05,0.01,0.1006,0.9507,0.8501
"Wilson",0.05,1e+05,0.01,0.1016,0.9518,0.8502
"Agresti_Coull",0.05,1e+05,0.05,0.0428,0.9518,0.909
"Clopper_Pearson",0.05,1e+05,0.05,0.0429,0.9522,0.9093
"Wald",0.05,1e+05,0.05,0.0428,0.9507,0.9079
"Wilson",0.05,1e+05,0.05,0.0428,0.9518,0.909
"Agresti_Coull",0.05,1e+05,0.1,0.0259,0.9518,0.9259
"Clopper_Pearson",0.05,1e+05,0.1,0.0259,0.9522,0.9263
"Wald",0.05,1e+05,0.1,0.0254,0.9507,0.9253
"Wilson",0.05,1e+05,0.1,0.0259,0.9518,0.9259
"Agresti_Coull",0.05,1e+05,0.2,0.0222,0.9518,0.9296
"Clopper_Pearson",0.05,1e+05,0.2,0.0222,0.9522,0.93
"Wald",0.05,1e+05,0.2,0.0219,0.9507,0.9288
"Wilson",0.05,1e+05,0.2,0.0222,0.9518,0.9296
"Agresti_Coull",0.05,1e+05,0.25,0.0185,0.9518,0.9333
"Clopper_Pearson",0.05,1e+05,0.25,0.0185,0.9522,0.9337
"Wald",0.05,1e+05,0.25,0.0184,0.9507,0.9323
"Wilson",0.05,1e+05,0.25,0.0185,0.9518,0.9333
