"p","n","rho","method","coverage_ind","coverage_vasicek","coverage_drop"
0.001,5000,0.01,"Agresti_Coull",0.9586,0.9139,0.0447
0.001,5000,0.01,"Clopper_Pearson",0.979,0.9414,0.0376
0.001,5000,0.01,"Wald",0.8719,0.7818,0.0901
0.001,5000,0.01,"Wilson",0.9586,0.9139,0.0447
0.001,5000,0.05,"Agresti_Coull",0.9586,0.7789,0.1797
0.001,5000,0.05,"Clopper_Pearson",0.979,0.8075,0.1715
0.001,5000,0.05,"Wald",0.8719,0.5649,0.307
0.001,5000,0.05,"Wilson",0.9586,0.7789,0.1797
0.001,5000,0.1,"Agresti_Coull",0.9586,0.6705,0.2881
0.001,5000,0.1,"Clopper_Pearson",0.979,0.6918,0.2872
0.001,5000,0.1,"Wald",0.8719,0.4142,0.4577
0.001,5000,0.1,"Wilson",0.9586,0.6705,0.2881
0.001,5000,0.2,"Agresti_Coull",0.9586,0.5153,0.4433
0.001,5000,0.2,"Clopper_Pearson",0.979,0.528,0.451
0.001,5000,0.2,"Wald",0.8719,0.2636,0.6083
0.001,5000,0.2,"Wilson",0.9586,0.5153,0.4433
0.001,5000,0.25,"Agresti_Coull",0.9586,0.4403,0.5183
0.001,5000,0.25,"Clopper_Pearson",0.979,0.4527,0.5263
0.001,5000,0.25,"Wald",0.8719,0.2181,0.6538
0.001,5000,0.25,"Wilson",0.9586,0.4403,0.5183
0.001,10000,0.01,"Agresti_Coull",0.9612,0.8615,0.0997
0.001,10000,0.01,"Clopper_Pearson",0.9745,0.8838,0.0907
0.001,10000,0.01,"Wald",0.9236,0.791,0.1326
0.001,10000,0.01,"Wilson",0.9612,0.8615,0.0997
0.001,10000,0.05,"Agresti_Coull",0.9612,0.6131,0.3481
0.001,10000,0.05,"Clopper_Pearson",0.9745,0.6299,0.3446
0.001,10000,0.05,"Wald",0.9236,0.5004,0.4232
0.001,10000,0.05,"Wilson",0.9612,0.6131,0.3481
0.001,10000,0.1,"Agresti_Coull",0.9612,0.463,0.4982
0.001,10000,0.1,"Clopper_Pearson",0.9745,0.478,0.4965
0.001,10000,0.1,"Wald",0.9236,0.349,0.5746
0.001,10000,0.1,"Wilson",0.9612,0.463,0.4982
0.001,10000,0.2,"Agresti_Coull",0.9612,0.2959,0.6653
0.001,10000,0.2,"Clopper_Pearson",0.9745,0.3032,0.6713
0.001,10000,0.2,"Wald",0.9236,0.2159,0.7077
0.001,10000,0.2,"Wilson",0.9612,0.2959,0.6653
0.001,10000,0.25,"Agresti_Coull",0.9612,0.2415,0.7197
0.001,10000,0.25,"Clopper_Pearson",0.9745,0.2485,0.726
0.001,10000,0.25,"Wald",0.9236,0.1774,0.7462
0.001,10000,0.25,"Wilson",0.9612,0.2415,0.7197
0.001,25000,0.01,"Agresti_Coull",0.941,0.6837,0.2573
0.001,25000,0.01,"Clopper_Pearson",0.9531,0.7037,0.2494
0.001,25000,0.01,"Wald",0.9432,0.6879,0.2553
0.001,25000,0.01,"Wilson",0.941,0.6837,0.2573
0.001,25000,0.05,"Agresti_Coull",0.941,0.3735,0.5675
0.001,25000,0.05,"Clopper_Pearson",0.9531,0.3838,0.5693
0.001,25000,0.05,"Wald",0.9432,0.3653,0.5779
0.001,25000,0.05,"Wilson",0.941,0.3735,0.5675
0.001,25000,0.1,"Agresti_Coull",0.941,0.2454,0.6956
0.001,25000,0.1,"Clopper_Pearson",0.9531,0.2537,0.6994
0.001,25000,0.1,"Wald",0.9432,0.2394,0.7038
0.001,25000,0.1,"Wilson",0.941,0.2454,0.6956
0.001,25000,0.2,"Agresti_Coull",0.941,0.1479,0.7931
0.001,25000,0.2,"Clopper_Pearson",0.9531,0.152,0.8011
0.001,25000,0.2,"Wald",0.9432,0.143,0.8002
0.001,25000,0.2,"Wilson",0.941,0.1479,0.7931
0.001,25000,0.25,"Agresti_Coull",0.941,0.1203,0.8207
0.001,25000,0.25,"Clopper_Pearson",0.9531,0.1243,0.8288
0.001,25000,0.25,"Wald",0.9432,0.1169,0.8263
0.001,25000,0.25,"Wilson",0.941,0.1203,0.8207
0.001,50000,0.01,"Agresti_Coull",0.9437,0.5435,0.4002
0.001,50000,0.01,"Clopper_Pearson",0.9512,0.5564,0.3948
0.001,50000,0.01,"Wald",0.9459,0.5446,0.4013
0.001,50000,0.01,"Wilson",0.9437,0.5435,0.4002
0.001,50000,0.05,"Agresti_Coull",0.9437,0.2606,0.6831
0.001,50000,0.05,"Clopper_Pearson",0.9512,0.2653,0.6859
0.001,50000,0.05,"Wald",0.9459,0.2587,0.6872
0.001,50000,0.05,"Wilson",0.9437,0.2606,0.6831
0.001,50000,0.1,"Agresti_Coull",0.9437,0.1732,0.7705
0.001,50000,0.1,"Clopper_Pearson",0.9512,0.177,0.7742
0.001,50000,0.1,"Wald",0.9459,0.1721,0.7738
0.001,50000,0.1,"Wilson",0.9437,0.1732,0.7705
0.001,50000,0.2,"Agresti_Coull",0.9437,0.1001,0.8436
0.001,50000,0.2,"Clopper_Pearson",0.9512,0.1028,0.8484
0.001,50000,0.2,"Wald",0.9459,0.0987,0.8472
0.001,50000,0.2,"Wilson",0.9437,0.1001,0.8436
0.001,50000,0.25,"Agresti_Coull",0.9437,0.0806,0.8631
0.001,50000,0.25,"Clopper_Pearson",0.9512,0.082,0.8692
0.001,50000,0.25,"Wald",0.9459,0.0784,0.8675
0.001,50000,0.25,"Wilson",0.9437,0.0806,0.8631
0.001,1e+05,0.01,"Agresti_Coull",0.9494,0.4214,0.528
0.001,1e+05,0.01,"Clopper_Pearson",0.9556,0.429,0.5266
0.001,1e+05,0.01,"Wald",0.9456,0.4121,0.5335
0.001,1e+05,0.01,"Wilson",0.9494,0.4214,0.528
0.001,1e+05,0.05,"Agresti_Coull",0.9494,0.1911,0.7583
0.001,1e+05,0.05,"Clopper_Pearson",0.9556,0.1953,0.7603
0.001,1e+05,0.05,"Wald",0.9456,0.1862,0.7594
0.001,1e+05,0.05,"Wilson",0.9494,0.1911,0.7583
0.001,1e+05,0.1,"Agresti_Coull",0.9494,0.1281,0.8213
0.001,1e+05,0.1,"Clopper_Pearson",0.9556,0.1308,0.8248
0.001,1e+05,0.1,"Wald",0.9456,0.126,0.8196
0.001,1e+05,0.1,"Wilson",0.9494,0.1281,0.8213
0.001,1e+05,0.2,"Agresti_Coull",0.9494,0.0727,0.8767
0.001,1e+05,0.2,"Clopper_Pearson",0.9556,0.0745,0.8811
0.001,1e+05,0.2,"Wald",0.9456,0.0721,0.8735
0.001,1e+05,0.2,"Wilson",0.9494,0.0727,0.8767
0.001,1e+05,0.25,"Agresti_Coull",0.9494,0.0571,0.8923
0.001,1e+05,0.25,"Clopper_Pearson",0.9556,0.0587,0.8969
0.001,1e+05,0.25,"Wald",0.9456,0.0555,0.8901
0.001,1e+05,0.25,"Wilson",0.9494,0.0571,0.8923
0.005,5000,0.01,"Agresti_Coull",0.942,0.7375,0.2045
0.005,5000,0.01,"Clopper_Pearson",0.9533,0.7567,0.1966
0.005,5000,0.01,"Wald",0.9451,0.7421,0.203
0.005,5000,0.01,"Wilson",0.942,0.7375,0.2045
0.005,5000,0.05,"Agresti_Coull",0.942,0.4298,0.5122
0.005,5000,0.05,"Clopper_Pearson",0.9533,0.4425,0.5108
0.005,5000,0.05,"Wald",0.9451,0.4215,0.5236
0.005,5000,0.05,"Wilson",0.942,0.4298,0.5122
0.005,5000,0.1,"Agresti_Coull",0.942,0.2978,0.6442
0.005,5000,0.1,"Clopper_Pearson",0.9533,0.3069,0.6464
0.005,5000,0.1,"Wald",0.9451,0.2906,0.6545
0.005,5000,0.1,"Wilson",0.942,0.2978,0.6442
0.005,5000,0.2,"Agresti_Coull",0.942,0.1898,0.7522
0.005,5000,0.2,"Clopper_Pearson",0.9533,0.195,0.7583
0.005,5000,0.2,"Wald",0.9451,0.1847,0.7604
0.005,5000,0.2,"Wilson",0.942,0.1898,0.7522
0.005,5000,0.25,"Agresti_Coull",0.942,0.153,0.789
0.005,5000,0.25,"Clopper_Pearson",0.9533,0.157,0.7963
0.005,5000,0.25,"Wald",0.9451,0.1478,0.7973
0.005,5000,0.25,"Wilson",0.942,0.153,0.789
0.005,10000,0.01,"Agresti_Coull",0.9454,0.6006,0.3448
0.005,10000,0.01,"Clopper_Pearson",0.9537,0.6134,0.3403
0.005,10000,0.01,"Wald",0.9493,0.6054,0.3439
0.005,10000,0.01,"Wilson",0.9454,0.6006,0.3448
0.005,10000,0.05,"Agresti_Coull",0.9454,0.3079,0.6375
0.005,10000,0.05,"Clopper_Pearson",0.9537,0.315,0.6387
0.005,10000,0.05,"Wald",0.9493,0.3067,0.6426
0.005,10000,0.05,"Wilson",0.9454,0.3079,0.6375
0.005,10000,0.1,"Agresti_Coull",0.9454,0.214,0.7314
0.005,10000,0.1,"Clopper_Pearson",0.9537,0.2199,0.7338
0.005,10000,0.1,"Wald",0.9493,0.2128,0.7365
0.005,10000,0.1,"Wilson",0.9454,0.214,0.7314
0.005,10000,0.2,"Agresti_Coull",0.9454,0.1284,0.817
0.005,10000,0.2,"Clopper_Pearson",0.9537,0.1309,0.8228
0.005,10000,0.2,"Wald",0.9493,0.1265,0.8228
0.005,10000,0.2,"Wilson",0.9454,0.1284,0.817
0.005,10000,0.25,"Agresti_Coull",0.9454,0.1081,0.8373
0.005,10000,0.25,"Clopper_Pearson",0.9537,0.1113,0.8424
0.005,10000,0.25,"Wald",0.9493,0.1072,0.8421
0.005,10000,0.25,"Wilson",0.9454,0.1081,0.8373
0.005,25000,0.01,"Agresti_Coull",0.9485,0.4323,0.5162
0.005,25000,0.01,"Clopper_Pearson",0.9536,0.4388,0.5148
0.005,25000,0.01,"Wald",0.9523,0.435,0.5173
0.005,25000,0.01,"Wilson",0.9485,0.4323,0.5162
0.005,25000,0.05,"Agresti_Coull",0.9485,0.1995,0.749
0.005,25000,0.05,"Clopper_Pearson",0.9536,0.203,0.7506
0.005,25000,0.05,"Wald",0.9523,0.2003,0.752
0.005,25000,0.05,"Wilson",0.9485,0.1995,0.749
0.005,25000,0.1,"Agresti_Coull",0.9485,0.1368,0.8117
0.005,25000,0.1,"Clopper_Pearson",0.9536,0.1384,0.8152
0.005,25000,0.1,"Wald",0.9523,0.1367,0.8156
0.005,25000,0.1,"Wilson",0.9485,0.1368,0.8117
0.005,25000,0.2,"Agresti_Coull",0.9485,0.0854,0.8631
0.005,25000,0.2,"Clopper_Pearson",0.9536,0.0864,0.8672
0.005,25000,0.2,"Wald",0.9523,0.0866,0.8657
0.005,25000,0.2,"Wilson",0.9485,0.0854,0.8631
0.005,25000,0.25,"Agresti_Coull",0.9485,0.0625,0.886
0.005,25000,0.25,"Clopper_Pearson",0.9536,0.0633,0.8903
0.005,25000,0.25,"Wald",0.9523,0.0623,0.89
0.005,25000,0.25,"Wilson",0.9485,0.0625,0.886
0.005,50000,0.01,"Agresti_Coull",0.942,0.3203,0.6217
0.005,50000,0.01,"Clopper_Pearson",0.9458,0.3255,0.6203
0.005,50000,0.01,"Wald",0.9443,0.3247,0.6196
0.005,50000,0.01,"Wilson",0.942,0.3203,0.6217
0.005,50000,0.05,"Agresti_Coull",0.942,0.1408,0.8012
0.005,50000,0.05,"Clopper_Pearson",0.9458,0.1427,0.8031
0.005,50000,0.05,"Wald",0.9443,0.1419,0.8024
0.005,50000,0.05,"Wilson",0.942,0.1408,0.8012
0.005,50000,0.1,"Agresti_Coull",0.942,0.0968,0.8452
0.005,50000,0.1,"Clopper_Pearson",0.9458,0.0978,0.848
0.005,50000,0.1,"Wald",0.9443,0.0976,0.8467
0.005,50000,0.1,"Wilson",0.942,0.0968,0.8452
0.005,50000,0.2,"Agresti_Coull",0.942,0.056,0.886
0.005,50000,0.2,"Clopper_Pearson",0.9458,0.057,0.8888
0.005,50000,0.2,"Wald",0.9443,0.0569,0.8874
0.005,50000,0.2,"Wilson",0.942,0.056,0.886
0.005,50000,0.25,"Agresti_Coull",0.942,0.0461,0.8959
0.005,50000,0.25,"Clopper_Pearson",0.9458,0.0465,0.8993
0.005,50000,0.25,"Wald",0.9443,0.0466,0.8977
0.005,50000,0.25,"Wilson",0.942,0.0461,0.8959
0.005,1e+05,0.01,"Agresti_Coull",0.9471,0.2332,0.7139
0.005,1e+05,0.01,"Clopper_Pearson",0.9501,0.235,0.7151
0.005,1e+05,0.01,"Wald",0.9473,0.231,0.7163
0.005,1e+05,0.01,"Wilson",0.9471,0.2332,0.7139
0.005,1e+05,0.05,"Agresti_Coull",0.9471,0.0987,0.8484
0.005,1e+05,0.05,"Clopper_Pearson",0.9501,0.0998,0.8503
0.005,1e+05,0.05,"Wald",0.9473,0.0976,0.8497
0.005,1e+05,0.05,"Wilson",0.9471,0.0987,0.8484
0.005,1e+05,0.1,"Agresti_Coull",0.9471,0.0663,0.8808
0.005,1e+05,0.1,"Clopper_Pearson",0.9501,0.0665,0.8836
0.005,1e+05,0.1,"Wald",0.9473,0.0655,0.8818
0.005,1e+05,0.1,"Wilson",0.9471,0.0663,0.8808
0.005,1e+05,0.2,"Agresti_Coull",0.9471,0.0392,0.9079
0.005,1e+05,0.2,"Clopper_Pearson",0.9501,0.0394,0.9107
0.005,1e+05,0.2,"Wald",0.9473,0.0389,0.9084
0.005,1e+05,0.2,"Wilson",0.9471,0.0392,0.9079
0.005,1e+05,0.25,"Agresti_Coull",0.9471,0.0328,0.9143
0.005,1e+05,0.25,"Clopper_Pearson",0.9501,0.0328,0.9173
0.005,1e+05,0.25,"Wald",0.9473,0.0318,0.9155
0.005,1e+05,0.25,"Wilson",0.9471,0.0328,0.9143
0.01,5000,0.01,"Agresti_Coull",0.9456,0.6385,0.3071
0.01,5000,0.01,"Clopper_Pearson",0.9526,0.652,0.3006
0.01,5000,0.01,"Wald",0.9465,0.6443,0.3022
0.01,5000,0.01,"Wilson",0.9456,0.6385,0.3071
0.01,5000,0.05,"Agresti_Coull",0.9456,0.3316,0.614
0.01,5000,0.05,"Clopper_Pearson",0.9526,0.3395,0.6131
0.01,5000,0.05,"Wald",0.9465,0.329,0.6175
0.01,5000,0.05,"Wilson",0.9456,0.3316,0.614
0.01,5000,0.1,"Agresti_Coull",0.9456,0.2303,0.7153
0.01,5000,0.1,"Clopper_Pearson",0.9526,0.2365,0.7161
0.01,5000,0.1,"Wald",0.9465,0.2312,0.7153
0.01,5000,0.1,"Wilson",0.9456,0.2303,0.7153
0.01,5000,0.2,"Agresti_Coull",0.9456,0.1389,0.8067
0.01,5000,0.2,"Clopper_Pearson",0.9526,0.1429,0.8097
0.01,5000,0.2,"Wald",0.9465,0.1401,0.8064
0.01,5000,0.2,"Wilson",0.9456,0.1389,0.8067
0.01,5000,0.25,"Agresti_Coull",0.9456,0.1167,0.8289
0.01,5000,0.25,"Clopper_Pearson",0.9526,0.1197,0.8329
0.01,5000,0.25,"Wald",0.9465,0.1181,0.8284
0.01,5000,0.25,"Wilson",0.9456,0.1167,0.8289
0.01,10000,0.01,"Agresti_Coull",0.9546,0.4981,0.4565
0.01,10000,0.01,"Clopper_Pearson",0.9598,0.5093,0.4505
0.01,10000,0.01,"Wald",0.9516,0.4923,0.4593
0.01,10000,0.01,"Wilson",0.9546,0.4981,0.4565
0.01,10000,0.05,"Agresti_Coull",0.9546,0.2383,0.7163
0.01,10000,0.05,"Clopper_Pearson",0.9598,0.2423,0.7175
0.01,10000,0.05,"Wald",0.9516,0.2322,0.7194
0.01,10000,0.05,"Wilson",0.9546,0.2383,0.7163
0.01,10000,0.1,"Agresti_Coull",0.9546,0.1612,0.7934
0.01,10000,0.1,"Clopper_Pearson",0.9598,0.1654,0.7944
0.01,10000,0.1,"Wald",0.9516,0.1585,0.7931
0.01,10000,0.1,"Wilson",0.9546,0.1612,0.7934
0.01,10000,0.2,"Agresti_Coull",0.9546,0.1074,0.8472
0.01,10000,0.2,"Clopper_Pearson",0.9598,0.1093,0.8505
0.01,10000,0.2,"Wald",0.9516,0.1043,0.8473
0.01,10000,0.2,"Wilson",0.9546,0.1074,0.8472
0.01,10000,0.25,"Agresti_Coull",0.9546,0.0883,0.8663
0.01,10000,0.25,"Clopper_Pearson",0.9598,0.0905,0.8693
0.01,10000,0.25,"Wald",0.9516,0.0855,0.8661
0.01,10000,0.25,"Wilson",0.9546,0.0883,0.8663
0.01,25000,0.01,"Agresti_Coull",0.946,0.3418,0.6042
0.01,25000,0.01,"Clopper_Pearson",0.949,0.3466,0.6024
0.01,25000,0.01,"Wald",0.9485,0.3464,0.6021
0.01,25000,0.01,"Wilson",0.946,0.3418,0.6042
0.01,25000,0.05,"Agresti_Coull",0.946,0.1517,0.7943
0.01,25000,0.05,"Clopper_Pearson",0.949,0.1539,0.7951
0.01,25000,0.05,"Wald",0.9485,0.153,0.7955
0.01,25000,0.05,"Wilson",0.946,0.1517,0.7943
0.01,25000,0.1,"Agresti_Coull",0.946,0.1053,0.8407
0.01,25000,0.1,"Clopper_Pearson",0.949,0.1066,0.8424
0.01,25000,0.1,"Wald",0.9485,0.1066,0.8419
0.01,25000,0.1,"Wilson",0.946,0.1053,0.8407
0.01,25000,0.2,"Agresti_Coull",0.946,0.0601,0.8859
0.01,25000,0.2,"Clopper_Pearson",0.949,0.0605,0.8885
0.01,25000,0.2,"Wald",0.9485,0.0602,0.8883
0.01,25000,0.2,"Wilson",0.946,0.0601,0.8859
0.01,25000,0.25,"Agresti_Coull",0.946,0.0511,0.8949
0.01,25000,0.25,"Clopper_Pearson",0.949,0.0519,0.8971
0.01,25000,0.25,"Wald",0.9485,0.0512,0.8973
0.01,25000,0.25,"Wilson",0.946,0.0511,0.8949
0.01,50000,0.01,"Agresti_Coull",0.948,0.2513,0.6967
0.01,50000,0.01,"Clopper_Pearson",0.9504,0.2534,0.697
0.01,50000,0.01,"Wald",0.9488,0.2501,0.6987
0.01,50000,0.01,"Wilson",0.948,0.2513,0.6967
0.01,50000,0.05,"Agresti_Coull",0.948,0.1114,0.8366
0.01,50000,0.05,"Clopper_Pearson",0.9504,0.1127,0.8377
0.01,50000,0.05,"Wald",0.9488,0.1111,0.8377
0.01,50000,0.05,"Wilson",0.948,0.1114,0.8366
0.01,50000,0.1,"Agresti_Coull",0.948,0.0794,0.8686
0.01,50000,0.1,"Clopper_Pearson",0.9504,0.0799,0.8705
0.01,50000,0.1,"Wald",0.9488,0.0781,0.8707
0.01,50000,0.1,"Wilson",0.948,0.0794,0.8686
0.01,50000,0.2,"Agresti_Coull",0.948,0.0421,0.9059
0.01,50000,0.2,"Clopper_Pearson",0.9504,0.0427,0.9077
0.01,50000,0.2,"Wald",0.9488,0.042,0.9068
0.01,50000,0.2,"Wilson",0.948,0.0421,0.9059
0.01,50000,0.25,"Agresti_Coull",0.948,0.0384,0.9096
0.01,50000,0.25,"Clopper_Pearson",0.9504,0.0386,0.9118
0.01,50000,0.25,"Wald",0.9488,0.0381,0.9107
0.01,50000,0.25,"Wilson",0.948,0.0384,0.9096
0.01,1e+05,0.01,"Agresti_Coull",0.9504,0.181,0.7694
0.01,1e+05,0.01,"Clopper_Pearson",0.9521,0.1824,0.7697
0.01,1e+05,0.01,"Wald",0.9511,0.1801,0.771
0.01,1e+05,0.01,"Wilson",0.9504,0.181,0.7694
0.01,1e+05,0.05,"Agresti_Coull",0.9504,0.0747,0.8757
0.01,1e+05,0.05,"Clopper_Pearson",0.9521,0.0753,0.8768
0.01,1e+05,0.05,"Wald",0.9511,0.0747,0.8764
0.01,1e+05,0.05,"Wilson",0.9504,0.0747,0.8757
0.01,1e+05,0.1,"Agresti_Coull",0.9504,0.0479,0.9025
0.01,1e+05,0.1,"Clopper_Pearson",0.9521,0.0482,0.9039
0.01,1e+05,0.1,"Wald",0.9511,0.0482,0.9029
0.01,1e+05,0.1,"Wilson",0.9504,0.0479,0.9025
0.01,1e+05,0.2,"Agresti_Coull",0.9504,0.0324,0.918
0.01,1e+05,0.2,"Clopper_Pearson",0.9521,0.0326,0.9195
0.01,1e+05,0.2,"Wald",0.9511,0.0323,0.9188
0.01,1e+05,0.2,"Wilson",0.9504,0.0324,0.918
0.01,1e+05,0.25,"Agresti_Coull",0.9504,0.0242,0.9262
0.01,1e+05,0.25,"Clopper_Pearson",0.9521,0.0244,0.9277
0.01,1e+05,0.25,"Wald",0.9511,0.0244,0.9267
0.01,1e+05,0.25,"Wilson",0.9504,0.0242,0.9262
0.02,5000,0.01,"Agresti_Coull",0.9509,0.5505,0.4004
0.02,5000,0.01,"Clopper_Pearson",0.9567,0.5617,0.395
0.02,5000,0.01,"Wald",0.9492,0.5425,0.4067
0.02,5000,0.01,"Wilson",0.9509,0.5505,0.4004
0.02,5000,0.05,"Agresti_Coull",0.9509,0.262,0.6889
0.02,5000,0.05,"Clopper_Pearson",0.9567,0.2668,0.6899
0.02,5000,0.05,"Wald",0.9492,0.2547,0.6945
0.02,5000,0.05,"Wilson",0.9509,0.262,0.6889
0.02,5000,0.1,"Agresti_Coull",0.9509,0.1914,0.7595
0.02,5000,0.1,"Clopper_Pearson",0.9567,0.1944,0.7623
0.02,5000,0.1,"Wald",0.9492,0.1886,0.7606
0.02,5000,0.1,"Wilson",0.9509,0.1914,0.7595
0.02,5000,0.2,"Agresti_Coull",0.9509,0.1167,0.8342
0.02,5000,0.2,"Clopper_Pearson",0.9567,0.1176,0.8391
0.02,5000,0.2,"Wald",0.9492,0.1135,0.8357
0.02,5000,0.2,"Wilson",0.9509,0.1167,0.8342
0.02,5000,0.25,"Agresti_Coull",0.9509,0.0968,0.8541
0.02,5000,0.25,"Clopper_Pearson",0.9567,0.0997,0.857
0.02,5000,0.25,"Wald",0.9492,0.0958,0.8534
0.02,5000,0.25,"Wilson",0.9509,0.0968,0.8541
0.02,10000,0.01,"Agresti_Coull",0.9509,0.4105,0.5404
0.02,10000,0.01,"Clopper_Pearson",0.9549,0.4159,0.539
0.02,10000,0.01,"Wald",0.9476,0.4061,0.5415
0.02,10000,0.01,"Wilson",0.9509,0.4105,0.5404
0.02,10000,0.05,"Agresti_Coull",0.9509,0.195,0.7559
0.02,10000,0.05,"Clopper_Pearson",0.9549,0.1975,0.7574
0.02,10000,0.05,"Wald",0.9476,0.1918,0.7558
0.02,10000,0.05,"Wilson",0.9509,0.195,0.7559
0.02,10000,0.1,"Agresti_Coull",0.9509,0.1327,0.8182
0.02,10000,0.1,"Clopper_Pearson",0.9549,0.1342,0.8207
0.02,10000,0.1,"Wald",0.9476,0.1312,0.8164
0.02,10000,0.1,"Wilson",0.9509,0.1327,0.8182
0.02,10000,0.2,"Agresti_Coull",0.9509,0.0799,0.871
0.02,10000,0.2,"Clopper_Pearson",0.9549,0.0812,0.8737
0.02,10000,0.2,"Wald",0.9476,0.0788,0.8688
0.02,10000,0.2,"Wilson",0.9509,0.0799,0.871
0.02,10000,0.25,"Agresti_Coull",0.9509,0.0657,0.8852
0.02,10000,0.25,"Clopper_Pearson",0.9549,0.067,0.8879
0.02,10000,0.25,"Wald",0.9476,0.0657,0.8819
0.02,10000,0.25,"Wilson",0.9509,0.0657,0.8852
0.02,25000,0.01,"Agresti_Coull",0.9501,0.2816,0.6685
0.02,25000,0.01,"Clopper_Pearson",0.9529,0.2842,0.6687
0.02,25000,0.01,"Wald",0.9498,0.2786,0.6712
0.02,25000,0.01,"Wilson",0.9501,0.2816,0.6685
0.02,25000,0.05,"Agresti_Coull",0.9501,0.1184,0.8317
0.02,25000,0.05,"Clopper_Pearson",0.9529,0.12,0.8329
0.02,25000,0.05,"Wald",0.9498,0.118,0.8318
0.02,25000,0.05,"Wilson",0.9501,0.1184,0.8317
0.02,25000,0.1,"Agresti_Coull",0.9501,0.0794,0.8707
0.02,25000,0.1,"Clopper_Pearson",0.9529,0.0808,0.8721
0.02,25000,0.1,"Wald",0.9498,0.0795,0.8703
0.02,25000,0.1,"Wilson",0.9501,0.0794,0.8707
0.02,25000,0.2,"Agresti_Coull",0.9501,0.0542,0.8959
0.02,25000,0.2,"Clopper_Pearson",0.9529,0.055,0.8979
0.02,25000,0.2,"Wald",0.9498,0.0542,0.8956
0.02,25000,0.2,"Wilson",0.9501,0.0542,0.8959
0.02,25000,0.25,"Agresti_Coull",0.9501,0.0425,0.9076
0.02,25000,0.25,"Clopper_Pearson",0.9529,0.043,0.9099
0.02,25000,0.25,"Wald",0.9498,0.0424,0.9074
0.02,25000,0.25,"Wilson",0.9501,0.0425,0.9076
0.02,50000,0.01,"Agresti_Coull",0.9513,0.1998,0.7515
0.02,50000,0.01,"Clopper_Pearson",0.953,0.2011,0.7519
0.02,50000,0.01,"Wald",0.9496,0.1999,0.7497
0.02,50000,0.01,"Wilson",0.9513,0.1998,0.7515
0.02,50000,0.05,"Agresti_Coull",0.9513,0.0881,0.8632
0.02,50000,0.05,"Clopper_Pearson",0.953,0.0887,0.8643
0.02,50000,0.05,"Wald",0.9496,0.0877,0.8619
0.02,50000,0.05,"Wilson",0.9513,0.0881,0.8632
0.02,50000,0.1,"Agresti_Coull",0.9513,0.0585,0.8928
0.02,50000,0.1,"Clopper_Pearson",0.953,0.0588,0.8942
0.02,50000,0.1,"Wald",0.9496,0.0581,0.8915
0.02,50000,0.1,"Wilson",0.9513,0.0585,0.8928
0.02,50000,0.2,"Agresti_Coull",0.9513,0.0372,0.9141
0.02,50000,0.2,"Clopper_Pearson",0.953,0.0374,0.9156
0.02,50000,0.2,"Wald",0.9496,0.0373,0.9123
0.02,50000,0.2,"Wilson",0.9513,0.0372,0.9141
0.02,50000,0.25,"Agresti_Coull",0.9513,0.0292,0.9221
0.02,50000,0.25,"Clopper_Pearson",0.953,0.0295,0.9235
0.02,50000,0.25,"Wald",0.9496,0.0294,0.9202
0.02,50000,0.25,"Wilson",0.9513,0.0292,0.9221
0.02,1e+05,0.01,"Agresti_Coull",0.9472,0.1414,0.8058
0.02,1e+05,0.01,"Clopper_Pearson",0.9491,0.142,0.8071
0.02,1e+05,0.01,"Wald",0.9473,0.1407,0.8066
0.02,1e+05,0.01,"Wilson",0.9472,0.1414,0.8058
0.02,1e+05,0.05,"Agresti_Coull",0.9472,0.0595,0.8877
0.02,1e+05,0.05,"Clopper_Pearson",0.9491,0.06,0.8891
0.02,1e+05,0.05,"Wald",0.9473,0.0596,0.8877
0.02,1e+05,0.05,"Wilson",0.9472,0.0595,0.8877
0.02,1e+05,0.1,"Agresti_Coull",0.9472,0.0367,0.9105
0.02,1e+05,0.1,"Clopper_Pearson",0.9491,0.0369,0.9122
0.02,1e+05,0.1,"Wald",0.9473,0.0368,0.9105
0.02,1e+05,0.1,"Wilson",0.9472,0.0367,0.9105
0.02,1e+05,0.2,"Agresti_Coull",0.9472,0.0234,0.9238
0.02,1e+05,0.2,"Clopper_Pearson",0.9491,0.0237,0.9254
0.02,1e+05,0.2,"Wald",0.9473,0.0233,0.924
0.02,1e+05,0.2,"Wilson",0.9472,0.0234,0.9238
0.02,1e+05,0.25,"Agresti_Coull",0.9472,0.0216,0.9256
0.02,1e+05,0.25,"Clopper_Pearson",0.9491,0.0217,0.9274
0.02,1e+05,0.25,"Wald",0.9473,0.0217,0.9256
0.02,1e+05,0.25,"Wilson",0.9472,0.0216,0.9256
0.05,5000,0.01,"Agresti_Coull",0.9503,0.424,0.5263
0.05,5000,0.01,"Clopper_Pearson",0.9541,0.4294,0.5247
0.05,5000,0.01,"Wald",0.9464,0.4147,0.5317
0.05,5000,0.01,"Wilson",0.9503,0.424,0.5263
0.05,5000,0.05,"Agresti_Coull",0.9503,0.2045,0.7458
0.05,5000,0.05,"Clopper_Pearson",0.9541,0.2075,0.7466
0.05,5000,0.05,"Wald",0.9464,0.2,0.7464
0.05,5000,0.05,"Wilson",0.9503,0.2045,0.7458
0.05,5000,0.1,"Agresti_Coull",0.9503,0.1423,0.808
0.05,5000,0.1,"Clopper_Pearson",0.9541,0.1445,0.8096
0.05,5000,0.1,"Wald",0.9464,0.1402,0.8062
0.05,5000,0.1,"Wilson",0.9503,0.1423,0.808
0.05,5000,0.2,"Agresti_Coull",0.9503,0.0885,0.8618
0.05,5000,0.2,"Clopper_Pearson",0.9541,0.0902,0.8639
0.05,5000,0.2,"Wald",0.9464,0.0868,0.8596
0.05,5000,0.2,"Wilson",0.9503,0.0885,0.8618
0.05,5000,0.25,"Agresti_Coull",0.9503,0.0713,0.879
0.05,5000,0.25,"Clopper_Pearson",0.9541,0.0719,0.8822
0.05,5000,0.25,"Wald",0.9464,0.0692,0.8772
0.05,5000,0.25,"Wilson",0.9503,0.0713,0.879
0.05,10000,0.01,"Agresti_Coull",0.9466,0.3087,0.6379
0.05,10000,0.01,"Clopper_Pearson",0.9492,0.3115,0.6377
0.05,10000,0.01,"Wald",0.9478,0.3101,0.6377
0.05,10000,0.01,"Wilson",0.9466,0.3087,0.6379
0.05,10000,0.05,"Agresti_Coull",0.9466,0.1368,0.8098
0.05,10000,0.05,"Clopper_Pearson",0.9492,0.1383,0.8109
0.05,10000,0.05,"Wald",0.9478,0.1377,0.8101
0.05,10000,0.05,"Wilson",0.9466,0.1368,0.8098
0.05,10000,0.1,"Agresti_Coull",0.9466,0.0968,0.8498
0.05,10000,0.1,"Clopper_Pearson",0.9492,0.0976,0.8516
0.05,10000,0.1,"Wald",0.9478,0.0967,0.8511
0.05,10000,0.1,"Wilson",0.9466,0.0968,0.8498
0.05,10000,0.2,"Agresti_Coull",0.9466,0.0617,0.8849
0.05,10000,0.2,"Clopper_Pearson",0.9492,0.0623,0.8869
0.05,10000,0.2,"Wald",0.9478,0.0627,0.8851
0.05,10000,0.2,"Wilson",0.9466,0.0617,0.8849
0.05,10000,0.25,"Agresti_Coull",0.9466,0.0482,0.8984
0.05,10000,0.25,"Clopper_Pearson",0.9492,0.0487,0.9005
0.05,10000,0.25,"Wald",0.9478,0.0482,0.8996
0.05,10000,0.25,"Wilson",0.9466,0.0482,0.8984
0.05,25000,0.01,"Agresti_Coull",0.9468,0.1966,0.7502
0.05,25000,0.01,"Clopper_Pearson",0.9494,0.1976,0.7518
0.05,25000,0.01,"Wald",0.947,0.1957,0.7513
0.05,25000,0.01,"Wilson",0.9468,0.1966,0.7502
0.05,25000,0.05,"Agresti_Coull",0.9468,0.091,0.8558
0.05,25000,0.05,"Clopper_Pearson",0.9494,0.0915,0.8579
0.05,25000,0.05,"Wald",0.947,0.0901,0.8569
0.05,25000,0.05,"Wilson",0.9468,0.091,0.8558
0.05,25000,0.1,"Agresti_Coull",0.9468,0.0589,0.8879
0.05,25000,0.1,"Clopper_Pearson",0.9494,0.0591,0.8903
0.05,25000,0.1,"Wald",0.947,0.0581,0.8889
0.05,25000,0.1,"Wilson",0.9468,0.0589,0.8879
0.05,25000,0.2,"Agresti_Coull",0.9468,0.0412,0.9056
0.05,25000,0.2,"Clopper_Pearson",0.9494,0.0415,0.9079
0.05,25000,0.2,"Wald",0.947,0.0413,0.9057
0.05,25000,0.2,"Wilson",0.9468,0.0412,0.9056
0.05,25000,0.25,"Agresti_Coull",0.9468,0.0318,0.915
0.05,25000,0.25,"Clopper_Pearson",0.9494,0.032,0.9174
0.05,25000,0.25,"Wald",0.947,0.0316,0.9154
0.05,25000,0.25,"Wilson",0.9468,0.0318,0.915
0.05,50000,0.01,"Agresti_Coull",0.9533,0.1525,0.8008
0.05,50000,0.01,"Clopper_Pearson",0.9544,0.1529,0.8015
0.05,50000,0.01,"Wald",0.952,0.1524,0.7996
0.05,50000,0.01,"Wilson",0.9533,0.1525,0.8008
0.05,50000,0.05,"Agresti_Coull",0.9533,0.0649,0.8884
0.05,50000,0.05,"Clopper_Pearson",0.9544,0.0651,0.8893
0.05,50000,0.05,"Wald",0.952,0.0646,0.8874
0.05,50000,0.05,"Wilson",0.9533,0.0649,0.8884
0.05,50000,0.1,"Agresti_Coull",0.9533,0.0454,0.9079
0.05,50000,0.1,"Clopper_Pearson",0.9544,0.0456,0.9088
0.05,50000,0.1,"Wald",0.952,0.0453,0.9067
0.05,50000,0.1,"Wilson",0.9533,0.0454,0.9079
0.05,50000,0.2,"Agresti_Coull",0.9533,0.0294,0.9239
0.05,50000,0.2,"Clopper_Pearson",0.9544,0.0298,0.9246
0.05,50000,0.2,"Wald",0.952,0.0296,0.9224
0.05,50000,0.2,"Wilson",0.9533,0.0294,0.9239
0.05,50000,0.25,"Agresti_Coull",0.9533,0.0246,0.9287
0.05,50000,0.25,"Clopper_Pearson",0.9544,0.0249,0.9295
0.05,50000,0.25,"Wald",0.952,0.0251,0.9269
0.05,50000,0.25,"Wilson",0.9533,0.0246,0.9287
0.05,1e+05,0.01,"Agresti_Coull",0.9518,0.1016,0.8502
0.05,1e+05,0.01,"Clopper_Pearson",0.9522,0.1019,0.8503
0.05,1e+05,0.01,"Wald",0.9507,0.1006,0.8501
0.05,1e+05,0.01,"Wilson",0.9518,0.1016,0.8502
0.05,1e+05,0.05,"Agresti_Coull",0.9518,0.0428,0.909
0.05,1e+05,0.05,"Clopper_Pearson",0.9522,0.0429,0.9093
0.05,1e+05,0.05,"Wald",0.9507,0.0428,0.9079
0.05,1e+05,0.05,"Wilson",0.9518,0.0428,0.909
0.05,1e+05,0.1,"Agresti_Coull",0.9518,0.0259,0.9259
0.05,1e+05,0.1,"Clopper_Pearson",0.9522,0.0259,0.9263
0.05,1e+05,0.1,"Wald",0.9507,0.0254,0.9253
0.05,1e+05,0.1,"Wilson",0.9518,0.0259,0.9259
0.05,1e+05,0.2,"Agresti_Coull",0.9518,0.0222,0.9296
0.05,1e+05,0.2,"Clopper_Pearson",0.9522,0.0222,0.93
0.05,1e+05,0.2,"Wald",0.9507,0.0219,0.9288
0.05,1e+05,0.2,"Wilson",0.9518,0.0222,0.9296
0.05,1e+05,0.25,"Agresti_Coull",0.9518,0.0185,0.9333
0.05,1e+05,0.25,"Clopper_Pearson",0.9522,0.0185,0.9337
0.05,1e+05,0.25,"Wald",0.9507,0.0184,0.9323
0.05,1e+05,0.25,"Wilson",0.9518,0.0185,0.9333
