"method","p","n","rho","width_vasicek","width_ind","width_diff"
"Agresti_Coull",0.001,5000,0.01,0.00199964209472916,0.00203219156135689,-3.25494666277297e-05
"Clopper_Pearson",0.001,5000,0.01,0.00193123735418186,0.0019695294807799,-3.82921265980401e-05
"Wald",0.001,5000,0.01,0.00161825072062026,0.00167676287317714,-5.851215255688e-05
"Wilson",0.001,5000,0.01,0.00184733395065774,0.00188075364493205,-3.34196942743099e-05
"Agresti_Coull",0.001,5000,0.05,0.00193616403559149,0.00203219156135689,-9.60275257653998e-05
"Clopper_Pearson",0.001,5000,0.05,0.00185620139445741,0.0019695294807799,-0.00011332808632249
"Wald",0.001,5000,0.05,0.00149363843791959,0.00167676287317714,-0.00018312443525755
"Wilson",0.001,5000,0.05,0.0017843853253908,0.00188075364493205,-9.63683195412501e-05
"Agresti_Coull",0.001,5000,0.1,0.00185028231923186,0.00203219156135689,-0.00018190924212503
"Clopper_Pearson",0.001,5000,0.1,0.00175718224348035,0.0019695294807799,-0.00021234723729955
"Wald",0.001,5000,0.1,0.00134123279149808,0.00167676287317714,-0.00033553008167906
"Wilson",0.001,5000,0.1,0.001699311921291,0.00188075364493205,-0.00018144172364105
"Agresti_Coull",0.001,5000,0.2,0.00170261744410056,0.00203219156135689,-0.00032957411725633
"Clopper_Pearson",0.001,5000,0.2,0.00158880181887776,0.0019695294807799,-0.00038072766190214
"Wald",0.001,5000,0.2,0.00109592553385512,0.00167676287317714,-0.00058083733932202
"Wilson",0.001,5000,0.2,0.00155164969978258,0.00188075364493205,-0.00032910394514947
"Agresti_Coull",0.001,5000,0.25,0.00163287388733878,0.00203219156135689,-0.00039931767401811
"Clopper_Pearson",0.001,5000,0.25,0.00151083825874334,0.0019695294807799,-0.00045869122203656
"Wald",0.001,5000,0.25,0.000987095332109163,0.00167676287317714,-0.000689667541067977
"Wilson",0.001,5000,0.25,0.00148180931674016,0.00188075364493205,-0.00039894432819189
"Agresti_Coull",0.001,10000,0.01,0.0013235804686747,0.00134243074048024,-1.885027180554e-05
"Clopper_Pearson",0.001,10000,0.01,0.00132313792446598,0.00134592969514527,-2.279177067929e-05
"Wald",0.001,10000,0.01,0.00119846844655564,0.00122496211395148,-2.649366739584e-05
"Wilson",0.001,10000,0.01,0.00126444812323193,0.00128533833765658,-2.08902144246501e-05
"Agresti_Coull",0.001,10000,0.05,0.00127376159592185,0.00134243074048024,-6.86691445583899e-05
"Clopper_Pearson",0.001,10000,0.05,0.00126183949632603,0.00134592969514527,-8.40901988192399e-05
"Wald",0.001,10000,0.05,0.00111780600757002,0.00122496211395148,-0.00010715610638146
"Wilson",0.001,10000,0.05,0.00121002701529044,0.00128533833765658,-7.53113223661401e-05
"Agresti_Coull",0.001,10000,0.1,0.00120265094118074,0.00134243074048024,-0.0001397797992995
"Clopper_Pearson",0.001,10000,0.1,0.00117911793331745,0.00134592969514527,-0.00016681176182782
"Wald",0.001,10000,0.1,0.00100954640350067,0.00122496211395148,-0.00021541571045081
"Wilson",0.001,10000,0.1,0.00113563790268461,0.00128533833765658,-0.00014970043497197
"Agresti_Coull",0.001,10000,0.2,0.00108885093427612,0.00134243074048024,-0.00025357980620412
"Clopper_Pearson",0.001,10000,0.2,0.00104872557556397,0.00134592969514527,-0.0002972041195813
"Wald",0.001,10000,0.2,0.000834350386811059,0.00122496211395148,-0.000390611727140421
"Wilson",0.001,10000,0.2,0.00101862262554925,0.00128533833765658,-0.00026671571210733
"Agresti_Coull",0.001,10000,0.25,0.00102430154470597,0.00134243074048024,-0.00031812919577427
"Clopper_Pearson",0.001,10000,0.25,0.000977119947792266,0.00134592969514527,-0.000368809747353004
"Wald",0.001,10000,0.25,0.000742580769443405,0.00122496211395148,-0.000482381344508075
"Wilson",0.001,10000,0.25,0.000953015652553477,0.00128533833765658,-0.000332322685103103
"Agresti_Coull",0.001,25000,0.01,0.00079960627303016,0.000808203499630607,-8.59722660044701e-06
"Clopper_Pearson",0.001,25000,0.01,0.000813827801197262,0.00082342031135318,-9.59251015591794e-06
"Wald",0.001,25000,0.01,0.000768495521018932,0.000778327807769112,-9.83228675018001e-06
"Wilson",0.001,25000,0.01,0.000784212023050037,0.000793384152661764,-9.17212961172706e-06
"Agresti_Coull",0.001,25000,0.05,0.000757498891490644,0.000808203499630607,-5.0704608139963e-05
"Clopper_Pearson",0.001,25000,0.05,0.000766955666780795,0.00082342031135318,-5.64646445723849e-05
"Wald",0.001,25000,0.05,0.000719259685576244,0.000778327807769112,-5.9068122192868e-05
"Wilson",0.001,25000,0.05,0.000739478334715832,0.000793384152661764,-5.3905817945932e-05
"Agresti_Coull",0.001,25000,0.1,0.000719399218854692,0.000808203499630607,-8.8804280775915e-05
"Clopper_Pearson",0.001,25000,0.1,0.000723398016896186,0.00082342031135318,-0.000100022294456994
"Wald",0.001,25000,0.1,0.00066969230980527,0.000778327807769112,-0.000108635497963842
"Wilson",0.001,25000,0.1,0.000698842211079631,0.000793384152661764,-9.45419415821331e-05
"Agresti_Coull",0.001,25000,0.2,0.000624573453406779,0.000808203499630607,-0.000183630046223828
"Clopper_Pearson",0.001,25000,0.2,0.000618511754167894,0.00082342031135318,-0.000204908557185286
"Wald",0.001,25000,0.2,0.000547609021092132,0.000778327807769112,-0.00023071878667698
"Wilson",0.001,25000,0.2,0.00060043280715233,0.000793384152661764,-0.000192951345509434
"Agresti_Coull",0.001,25000,0.25,0.000592184307671012,0.000808203499630607,-0.000216019191959595
"Clopper_Pearson",0.001,25000,0.25,0.000582513896893588,0.00082342031135318,-0.000240906414459592
"Wald",0.001,25000,0.25,0.000503789605531271,0.000778327807769112,-0.000274538202237841
"Wilson",0.001,25000,0.25,0.000567024572629331,0.000793384152661764,-0.000226359580032433
"Agresti_Coull",0.001,50000,0.01,0.000554426351986233,0.000562585829631027,-8.15947764479393e-06
"Clopper_Pearson",0.001,50000,0.01,0.000565244968078181,0.000573795725978986,-8.55075790080501e-06
"Wald",0.001,50000,0.01,0.000543371491583115,0.000552006014947609,-8.63452336449398e-06
"Wilson",0.001,50000,0.01,0.000548920799862801,0.00055731125545892,-8.39045559611893e-06
"Agresti_Coull",0.001,50000,0.05,0.00052619653441712,0.000562585829631027,-3.6389295213907e-05
"Clopper_Pearson",0.001,50000,0.05,0.000535223010347479,0.000573795725978986,-3.8572715631507e-05
"Wald",0.001,50000,0.05,0.000512856563626251,0.000552006014947609,-3.91494513213579e-05
"Wilson",0.001,50000,0.05,0.000519652137452369,0.00055731125545892,-3.76591180065509e-05
"Agresti_Coull",0.001,50000,0.1,0.000490879487578878,0.000562585829631027,-7.17063420521489e-05
"Clopper_Pearson",0.001,50000,0.1,0.00049728687043005,0.000573795725978986,-7.6508855548936e-05
"Wald",0.001,50000,0.1,0.000473257657982529,0.000552006014947609,-7.874835696508e-05
"Wilson",0.001,50000,0.1,0.000482940400709476,0.00055731125545892,-7.43708547494439e-05
"Agresti_Coull",0.001,50000,0.2,0.000424897009066031,0.000562585829631027,-0.000137688820564996
"Clopper_Pearson",0.001,50000,0.2,0.000425931329901089,0.000573795725978986,-0.000147864396077897
"Wald",0.001,50000,0.2,0.000395307637767763,0.000552006014947609,-0.000156698377179846
"Wilson",0.001,50000,0.2,0.000414606730800934,0.00055731125545892,-0.000142704524657986
"Agresti_Coull",0.001,50000,0.25,0.000388183185785915,0.000562585829631027,-0.000174402643845112
"Clopper_Pearson",0.001,50000,0.25,0.000386396187344718,0.000573795725978986,-0.000187399538634268
"Wald",0.001,50000,0.25,0.000350905453168702,0.000552006014947609,-0.000201100561778907
"Wilson",0.001,50000,0.25,0.00037690571948028,0.00055731125545892,-0.00018040553597864
"Agresti_Coull",0.001,1e+05,0.01,0.000389401349714871,0.000395312162725397,-5.91081301052601e-06
"Clopper_Pearson",0.001,1e+05,0.01,0.000396153589482572,0.000402204890515111,-6.05130103253898e-06
"Wald",0.001,1e+05,0.01,0.00038549433842746,0.000391574960759376,-6.08062233191598e-06
"Wilson",0.001,1e+05,0.01,0.000387449813453582,0.000393444337877383,-5.99452442380099e-06
"Agresti_Coull",0.001,1e+05,0.05,0.000368450427489368,0.000395312162725397,-2.6861735236029e-05
"Clopper_Pearson",0.001,1e+05,0.05,0.00037455864320867,0.000402204890515111,-2.7646247306441e-05
"Wald",0.001,1e+05,0.05,0.00036375615139083,0.000391574960759376,-2.7818809368546e-05
"Wilson",0.001,1e+05,0.05,0.000366118233312771,0.000393444337877383,-2.7326104564612e-05
"Agresti_Coull",0.001,1e+05,0.1,0.000343438783902528,0.000395312162725397,-5.1873378822869e-05
"Clopper_Pearson",0.001,1e+05,0.1,0.000348435866129487,0.000402204890515111,-5.3769024385624e-05
"Wald",0.001,1e+05,0.1,0.000337208737179931,0.000391574960759376,-5.4366223579445e-05
"Wilson",0.001,1e+05,0.1,0.000340476527208246,0.000393444337877383,-5.2967810669137e-05
"Agresti_Coull",0.001,1e+05,0.2,0.000294530181973842,0.000395312162725397,-0.000100781980751555
"Clopper_Pearson",0.001,1e+05,0.2,0.000296990702465327,0.000402204890515111,-0.000105214188049784
"Wald",0.001,1e+05,0.2,0.000283389075502135,0.000391574960759376,-0.000108185885257241
"Wilson",0.001,1e+05,0.2,0.000290344700366047,0.000393444337877383,-0.000103099637511336
"Agresti_Coull",0.001,1e+05,0.25,0.000268902997188753,0.000395312162725397,-0.000126409165536644
"Clopper_Pearson",0.001,1e+05,0.25,0.000269927653609828,0.000402204890515111,-0.000132277236905283
"Wald",0.001,1e+05,0.25,0.000254433139569486,0.000391574960759376,-0.00013714182118989
"Wilson",0.001,1e+05,0.25,0.000264115251419786,0.000393444337877383,-0.000129329086457597
"Agresti_Coull",0.005,5000,0.01,0.00399297163468664,0.0040360220716454,-4.30504369587602e-05
"Clopper_Pearson",0.005,5000,0.01,0.00406746788099138,0.00411448959997559,-4.70217189842102e-05
"Wald",0.005,5000,0.01,0.00384233113249679,0.00389027469464855,-4.794356215176e-05
"Wilson",0.005,5000,0.01,0.0039177952335235,0.00396314386634593,-4.53486328224296e-05
"Agresti_Coull",0.005,5000,0.05,0.00382819295979767,0.0040360220716454,-0.00020782911184773
"Clopper_Pearson",0.005,5000,0.05,0.00388475351707937,0.00411448959997559,-0.00022973608289622
"Wald",0.005,5000,0.05,0.00365218094273835,0.00389027469464855,-0.0002380937519102
"Wilson",0.005,5000,0.05,0.0037429628827116,0.00396314386634593,-0.00022018098363433
"Agresti_Coull",0.005,5000,0.1,0.00367125530917484,0.0040360220716454,-0.00036476676247056
"Clopper_Pearson",0.005,5000,0.1,0.00370605407811067,0.00411448959997559,-0.00040843552186492
"Wald",0.005,5000,0.1,0.00345314613815052,0.00389027469464855,-0.00043712855649803
"Wilson",0.005,5000,0.1,0.00357534382671946,0.00396314386634593,-0.000387800039626469
"Agresti_Coull",0.005,5000,0.2,0.00333393393038199,0.0040360220716454,-0.00070208814126341
"Clopper_Pearson",0.005,5000,0.2,0.00332854501569241,0.00411448959997559,-0.00078594458428318
"Wald",0.005,5000,0.2,0.00301431837221095,0.00389027469464855,-0.0008759563224376
"Wilson",0.005,5000,0.2,0.00322241811786723,0.00396314386634593,-0.000740725748478699
"Agresti_Coull",0.005,5000,0.25,0.00315479468229134,0.0040360220716454,-0.00088122738935406
"Clopper_Pearson",0.005,5000,0.25,0.00312988182916626,0.00411448959997559,-0.00098460777080933
"Wald",0.005,5000,0.25,0.0027795451976105,0.00389027469464855,-0.00111072949703805
"Wilson",0.005,5000,0.25,0.00303680833495188,0.00396314386634593,-0.00092633553139405
"Agresti_Coull",0.005,10000,0.01,0.0027865295616027,0.00280931172825939,-2.278216665669e-05
"Clopper_Pearson",0.005,10000,0.01,0.00284208681964066,0.00286618385599908,-2.40970363584196e-05
"Wald",0.005,10000,0.01,0.00273328281492345,0.00275766337091093,-2.43805559874801e-05
"Wilson",0.005,10000,0.01,0.00275979504783286,0.00278335260856963,-2.355756073677e-05
"Agresti_Coull",0.005,10000,0.05,0.00267097042823852,0.00280931172825939,-0.00013834130002087
"Clopper_Pearson",0.005,10000,0.05,0.00271981354530836,0.00286618385599908,-0.00014637031069072
"Wald",0.005,10000,0.05,0.00260928602044252,0.00275766337091093,-0.00014837735046841
"Wilson",0.005,10000,0.05,0.00264032633505357,0.00278335260856963,-0.00014302627351606
"Agresti_Coull",0.005,10000,0.1,0.00254029466329415,0.00280931172825939,-0.00026901706496524
"Clopper_Pearson",0.005,10000,0.1,0.00257924090075744,0.00286618385599908,-0.00028694295524164
"Wald",0.005,10000,0.1,0.00246370896519696,0.00275766337091093,-0.00029395440571397
"Wilson",0.005,10000,0.1,0.00250420565312377,0.00278335260856963,-0.00027914695544586
"Agresti_Coull",0.005,10000,0.2,0.00229014312082505,0.00280931172825939,-0.00051916860743434
"Clopper_Pearson",0.005,10000,0.2,0.00230834683559772,0.00286618385599908,-0.00055783702040136
"Wald",0.005,10000,0.2,0.00217105953673256,0.00275766337091093,-0.00058660383417837
"Wilson",0.005,10000,0.2,0.00224440855410036,0.00278335260856963,-0.00053894405446927
"Agresti_Coull",0.005,10000,0.25,0.00214999078168655,0.00280931172825939,-0.00065932094657284
"Clopper_Pearson",0.005,10000,0.25,0.00215706033555706,0.00286618385599908,-0.00070912352044202
"Wald",0.005,10000,0.25,0.00200355835589521,0.00275766337091093,-0.00075410501501572
"Wilson",0.005,10000,0.25,0.00209981246048141,0.00278335260856963,-0.00068354014808822
"Agresti_Coull",0.005,25000,0.01,0.00173760492140239,0.0017616043482401,-2.399942683771e-05
"Clopper_Pearson",0.005,25000,0.01,0.00176628388701446,0.00179068083623075,-2.43969492162901e-05
"Wald",0.005,25000,0.01,0.00172405186125467,0.00174853213056278,-2.448026930811e-05
"Wilson",0.005,25000,0.01,0.0017307775923957,0.00175501410816191,-2.42365157662101e-05
"Agresti_Coull",0.005,25000,0.05,0.00166196449606685,0.0017616043482401,-9.96398521732498e-05
"Clopper_Pearson",0.005,25000,0.05,0.00168894088703986,0.00179068083623075,-0.00010173994919089
"Wald",0.005,25000,0.05,0.00164634898041495,0.00174853213056278,-0.00010218315014783
"Wilson",0.005,25000,0.05,0.00165412552228814,0.00175501410816191,-0.00010088858587377
"Agresti_Coull",0.005,25000,0.1,0.00157097031385949,0.0017616043482401,-0.00019063403438061
"Clopper_Pearson",0.005,25000,0.1,0.00159520488940271,0.00179068083623075,-0.00019547594682804
"Wald",0.005,25000,0.1,0.00155183730230798,0.00174853213056278,-0.0001966948282548
"Wilson",0.005,25000,0.1,0.00156153383008359,0.00175501410816191,-0.00019348027807832
"Agresti_Coull",0.005,25000,0.2,0.00139830803039586,0.0017616043482401,-0.00036329631784424
"Clopper_Pearson",0.005,25000,0.2,0.00141494624093386,0.00179068083623075,-0.00037573459529689
"Wald",0.005,25000,0.2,0.00136663547276227,0.00174853213056278,-0.00038189665780051
"Wilson",0.005,25000,0.2,0.00138486039999516,0.00175501410816191,-0.00037015370816675
"Agresti_Coull",0.005,25000,0.25,0.00131542097335536,0.0017616043482401,-0.00044618337488474
"Clopper_Pearson",0.005,25000,0.25,0.00132759717824431,0.00179068083623075,-0.00046308365798644
"Wald",0.005,25000,0.25,0.00127446408320355,0.00174853213056278,-0.00047406804735923
"Wilson",0.005,25000,0.25,0.00129993468592781,0.00175501410816191,-0.0004550794222341
"Agresti_Coull",0.005,50000,0.01,0.00122693944267742,0.00124025633755202,-1.33168948746002e-05
"Clopper_Pearson",0.005,50000,0.01,0.00124294068675785,0.00125638672052494,-1.34460337670901e-05
"Wald",0.005,50000,0.01,0.00122215350541349,0.00123562632262867,-1.34728172151799e-05
"Wilson",0.005,50000,0.01,0.00122452571216538,0.00123791990694603,-1.33941947806501e-05
"Agresti_Coull",0.005,50000,0.05,0.00117716149710154,0.00124025633755202,-6.30948404504801e-05
"Clopper_Pearson",0.005,50000,0.05,0.00119257027262953,0.00125638672052494,-6.381644789541e-05
"Wald",0.005,50000,0.05,0.00117165980492649,0.00123562632262867,-6.39665177021799e-05
"Wilson",0.005,50000,0.05,0.00117439374132029,0.00123791990694603,-6.35261656257401e-05
"Agresti_Coull",0.005,50000,0.1,0.00111831236272137,0.00124025633755202,-0.00012194397483065
"Clopper_Pearson",0.005,50000,0.1,0.00113271805257818,0.00125638672052494,-0.00012366866794676
"Wald",0.005,50000,0.1,0.00111157907415079,0.00123562632262867,-0.00012404724847788
"Wilson",0.005,50000,0.1,0.00111495104341218,0.00123791990694603,-0.00012296886353385
"Agresti_Coull",0.005,50000,0.2,0.000990565249918329,0.00124025633755202,-0.000249691087633691
"Clopper_Pearson",0.005,50000,0.2,0.00100183138802253,0.00125638672052494,-0.00025455533250241
"Wald",0.005,50000,0.2,0.000979182124815916,0.00123562632262867,-0.000256444197812754
"Wilson",0.005,50000,0.2,0.000985464279933052,0.00123791990694603,-0.000252455627012978
"Agresti_Coull",0.005,50000,0.25,0.000915200460450168,0.00124025633755202,-0.000325055877101852
"Clopper_Pearson",0.005,50000,0.25,0.000924437073720135,0.00125638672052494,-0.000331949646804805
"Wald",0.005,50000,0.25,0.000900137727080162,0.00123562632262867,-0.000335488595548508
"Wilson",0.005,50000,0.25,0.000909085454172477,0.00123791990694603,-0.000328834452773553
"Agresti_Coull",0.005,1e+05,0.01,0.000865679165568293,0.000875774345813514,-1.0095180245221e-05
"Clopper_Pearson",0.005,1e+05,0.01,0.000874263645327556,0.000884406162551805,-1.01425172242491e-05
"Wald",0.005,1e+05,0.01,0.000863985124398541,0.000874137416939457,-1.0152292540916e-05
"Wilson",0.005,1e+05,0.01,0.000864824327843512,0.000874947894104523,-1.0123566261011e-05
"Agresti_Coull",0.005,1e+05,0.05,0.000829550597611121,0.000875774345813514,-4.62237482023929e-05
"Clopper_Pearson",0.005,1e+05,0.05,0.000837920559904682,0.000884406162551805,-4.6485602647123e-05
"Wald",0.005,1e+05,0.05,0.000827597722199026,0.000874137416939457,-4.6539694740431e-05
"Wilson",0.005,1e+05,0.05,0.000828567219042381,0.000874947894104523,-4.6380675062142e-05
"Agresti_Coull",0.005,1e+05,0.1,0.000787225462691295,0.000875774345813514,-8.85488831222189e-05
"Clopper_Pearson",0.005,1e+05,0.1,0.00079524931610395,0.000884406162551805,-8.9156846447855e-05
"Wald",0.005,1e+05,0.1,0.000784854021681583,0.000874137416939457,-8.9283395257874e-05
"Wilson",0.005,1e+05,0.1,0.000786035382217047,0.000874947894104523,-8.8912511887476e-05
"Agresti_Coull",0.005,1e+05,0.2,0.000696624107987788,0.000875774345813514,-0.000179150237825726
"Clopper_Pearson",0.005,1e+05,0.2,0.000703463595078624,0.000884406162551805,-0.000180942567473181
"Wald",0.005,1e+05,0.2,0.000692655396841675,0.000874137416939457,-0.000181482020097782
"Wilson",0.005,1e+05,0.2,0.000694752581838435,0.000874947894104523,-0.000180195312266088
"Agresti_Coull",0.005,1e+05,0.25,0.000636822074456402,0.000875774345813514,-0.000238952271357112
"Clopper_Pearson",0.005,1e+05,0.25,0.00064275323417064,0.000884406162551805,-0.000241652928381165
"Wald",0.005,1e+05,0.25,0.000631368084547793,0.000874137416939457,-0.000242769332391664
"Wilson",0.005,1e+05,0.25,0.000634469756297284,0.000874947894104523,-0.000240478137807239
"Agresti_Coull",0.01,5000,0.01,0.00555075633235351,0.00560162216464327,-5.08658322897603e-05
"Clopper_Pearson",0.01,5000,0.01,0.00566396070271175,0.00571726792195699,-5.33072192452399e-05
"Wald",0.01,5000,0.01,0.00544742248028934,0.00550126211714348,-5.38396368541397e-05
"Wilson",0.01,5000,0.01,0.00549834347453055,0.00555064730779754,-5.23038332669893e-05
"Agresti_Coull",0.01,5000,0.05,0.00536264668055671,0.00560162216464327,-0.00023897548408656
"Clopper_Pearson",0.01,5000,0.05,0.00546473367201321,0.00571726792195699,-0.00025253424994378
"Wald",0.01,5000,0.05,0.00524548813622976,0.00550126211714348,-0.00025577398091372
"Wilson",0.01,5000,0.05,0.00530375325595044,0.00555064730779754,-0.0002468940518471
"Agresti_Coull",0.01,5000,0.1,0.00515981802023873,0.00560162216464327,-0.00044180414440454
"Clopper_Pearson",0.01,5000,0.1,0.00524691760736021,0.00571726792195699,-0.00047035031459678
"Wald",0.01,5000,0.1,0.00502147837521679,0.00550126211714348,-0.000479783741926689
"Wilson",0.01,5000,0.1,0.00509252121481366,0.00555064730779754,-0.00045812609298388
"Agresti_Coull",0.01,5000,0.2,0.00464695375719209,0.00560162216464327,-0.00095466840745118
"Clopper_Pearson",0.01,5000,0.2,0.00469404390448781,0.00571726792195699,-0.00102322401746918
"Wald",0.01,5000,0.2,0.00443142292641402,0.00550126211714348,-0.00106983919072946
"Wilson",0.01,5000,0.2,0.00456018279276981,0.00555064730779754,-0.00099046451502773
"Agresti_Coull",0.01,5000,0.25,0.00437309713172369,0.00560162216464327,-0.00122852503291958
"Clopper_Pearson",0.01,5000,0.25,0.00439898025117987,0.00571726792195699,-0.00131828767077712
"Wald",0.01,5000,0.25,0.0041087141363522,0.00550126211714348,-0.00139254798079128
"Wilson",0.01,5000,0.25,0.00427743138052089,0.00555064730779754,-0.00127321592727665
"Agresti_Coull",0.01,10000,0.01,0.00389904659624209,0.00392772848977559,-2.86818935334998e-05
"Clopper_Pearson",0.01,10000,0.01,0.00396831380604925,0.00399782401751654,-2.95102114672898e-05
"Wald",0.01,10000,0.01,0.00386247878736984,0.00389216467012385,-2.96858827540103e-05
"Wilson",0.01,10000,0.01,0.00388044458666989,0.00390961897868819,-2.91743920182996e-05
"Agresti_Coull",0.01,10000,0.05,0.00374163335157705,0.00392772848977559,-0.00018609513819854
"Clopper_Pearson",0.01,10000,0.05,0.00380674856113221,0.00399782401751654,-0.00019107545638433
"Wald",0.01,10000,0.05,0.00370000984029979,0.00389216467012385,-0.00019215482982406
"Wilson",0.01,10000,0.05,0.00372057276328547,0.00390961897868819,-0.00018904621540272
"Agresti_Coull",0.01,10000,0.1,0.00358757944792565,0.00392772848977559,-0.00034014904184994
"Clopper_Pearson",0.01,10000,0.1,0.00364639462602221,0.00399782401751654,-0.00035142939149433
"Wald",0.01,10000,0.1,0.00353787982290634,0.00389216467012385,-0.00035428484721751
"Wilson",0.01,10000,0.1,0.00356284581760544,0.00390961897868819,-0.000346773161082749
"Agresti_Coull",0.01,10000,0.2,0.00319842459570467,0.00392772848977559,-0.00072930389407092
"Clopper_Pearson",0.01,10000,0.2,0.0032405380497405,0.00399782401751654,-0.00075728596777604
"Wald",0.01,10000,0.2,0.00312165847853507,0.00389216467012385,-0.00077050619158878
"Wilson",0.01,10000,0.2,0.00316480676449365,0.00390961897868819,-0.00074481221419454
"Agresti_Coull",0.01,10000,0.25,0.00307849512421548,0.00392772848977559,-0.00084923336556011
"Clopper_Pearson",0.01,10000,0.25,0.00311088228652527,0.00399782401751654,-0.00088694173099127
"Wald",0.01,10000,0.25,0.0029811137998848,0.00389216467012385,-0.00091105087023905
"Wilson",0.01,10000,0.25,0.00304048900695832,0.00390961897868819,-0.000869129971729869
"Agresti_Coull",0.01,25000,0.01,0.00244837935386905,0.00247388500780204,-2.55056539329901e-05
"Clopper_Pearson",0.01,25000,0.01,0.00248057671447522,0.00250631600170345,-2.57392872282302e-05
"Wald",0.01,25000,0.01,0.0024390965932564,0.00246488490676366,-2.57883135072598e-05
"Wilson",0.01,25000,0.01,0.00244364964148671,0.00246929492644737,-2.564528496066e-05
"Agresti_Coull",0.01,25000,0.05,0.0023450338548289,0.00247388500780204,-0.00012885115297314
"Clopper_Pearson",0.01,25000,0.05,0.00237617073112787,0.00250631600170345,-0.00013014527057558
"Wald",0.01,25000,0.05,0.00233446766439925,0.00246488490676366,-0.00013041724236441
"Wilson",0.01,25000,0.05,0.00233967116491698,0.00246929492644737,-0.00012962376153039
"Agresti_Coull",0.01,25000,0.1,0.00224558645843032,0.00247388500780204,-0.00022829854937172
"Clopper_Pearson",0.01,25000,0.1,0.00227508971327542,0.00250631600170345,-0.00023122628842803
"Wald",0.01,25000,0.1,0.00223302668253021,0.00246488490676366,-0.00023185822423345
"Wilson",0.01,25000,0.1,0.00223925387929024,0.00246929492644737,-0.00023004104715713
"Agresti_Coull",0.01,25000,0.2,0.00204078793058611,0.00247388500780204,-0.00043309707721593
"Clopper_Pearson",0.01,25000,0.2,0.0020653681004362,0.00250631600170345,-0.00044094790126725
"Wald",0.01,25000,0.2,0.00202136513973016,0.00246488490676366,-0.0004435197670335
"Wilson",0.01,25000,0.2,0.00203167344974731,0.00246929492644737,-0.00043762147670006
"Agresti_Coull",0.01,25000,0.25,0.00192033026718701,0.00247388500780204,-0.00055355474061503
"Clopper_Pearson",0.01,25000,0.25,0.00194165752727895,0.00250631600170345,-0.0005646584744245
"Wald",0.01,25000,0.25,0.00189535754201972,0.00246488490676366,-0.00056952736474394
"Wilson",0.01,25000,0.25,0.00190952786229002,0.00246929492644737,-0.00055976706415735
"Agresti_Coull",0.01,50000,0.01,0.00172629655053439,0.00174699985004854,-2.070329951415e-05
"Clopper_Pearson",0.01,50000,0.01,0.00174353441199779,0.00176432375732247,-2.07893453246801e-05
"Wald",0.01,50000,0.01,0.00172301038003758,0.00174381773846568,-2.08073584281e-05
"Wilson",0.01,50000,0.01,0.00172462131956177,0.00174537612222097,-2.07548026592e-05
"Agresti_Coull",0.01,50000,0.05,0.00166271688420035,0.00174699985004854,-8.428296584819e-05
"Clopper_Pearson",0.01,50000,0.05,0.00167960262771142,0.00176432375732247,-8.472112961105e-05
"Wald",0.01,50000,0.05,0.00165900518249612,0.00174381773846568,-8.481255596956e-05
"Wilson",0.01,50000,0.05,0.00166083088437018,0.00174537612222097,-8.454523785079e-05
"Agresti_Coull",0.01,50000,0.1,0.00158037034004126,0.00174699985004854,-0.00016662951000728
"Clopper_Pearson",0.01,50000,0.1,0.00159662918005686,0.00176432375732247,-0.00016769457726561
"Wald",0.01,50000,0.1,0.00157589976176257,0.00174381773846568,-0.00016791797670311
"Wilson",0.01,50000,0.1,0.00157811001744801,0.00174537612222097,-0.00016726610477296
"Agresti_Coull",0.01,50000,0.2,0.00142771737588131,0.00174699985004854,-0.00031928247416723
"Clopper_Pearson",0.01,50000,0.2,0.00144195670536816,0.00176432375732247,-0.00032236705195431
"Wald",0.01,50000,0.2,0.0014205403727391,0.00174381773846568,-0.00032327736572658
"Wilson",0.01,50000,0.2,0.00142429669870757,0.00174537612222097,-0.0003210794235134
"Agresti_Coull",0.01,50000,0.25,0.00133787011481066,0.00174699985004854,-0.00040912973523788
"Clopper_Pearson",0.01,50000,0.25,0.00135083571511413,0.00176432375732247,-0.00041348804220834
"Wald",0.01,50000,0.25,0.00132869339651965,0.00174381773846568,-0.00041512434194603
"Wilson",0.01,50000,0.25,0.00133376065991151,0.00174537612222097,-0.00041161546230946
"Agresti_Coull",0.01,1e+05,0.01,0.00122391710238842,0.00123449104118451,-1.057393879609e-05
"Clopper_Pearson",0.01,1e+05,0.01,0.00123294441814058,0.00124354492977222,-1.060051163164e-05
"Wald",0.01,1e+05,0.01,0.00122275994144793,0.00123336598068558,-1.060603923765e-05
"Wilson",0.01,1e+05,0.01,0.00122332694446825,0.0012339168113179,-1.05898668496501e-05
"Agresti_Coull",0.01,1e+05,0.05,0.00117685552424904,0.00123449104118451,-5.76355169354698e-05
"Clopper_Pearson",0.01,1e+05,0.05,0.0011857516596248,0.00124354492977222,-5.77932701474201e-05
"Wald",0.01,1e+05,0.05,0.00117553992220499,0.00123336598068558,-5.78260584805899e-05
"Wilson",0.01,1e+05,0.05,0.00117618674604568,0.0012339168113179,-5.77300652722201e-05
"Agresti_Coull",0.01,1e+05,0.1,0.00113179359639521,0.00123449104118451,-0.0001026974447893
"Clopper_Pearson",0.01,1e+05,0.1,0.00114048685896145,0.00124354492977222,-0.00010305807081077
"Wald",0.01,1e+05,0.1,0.00113023308595741,0.00123336598068558,-0.00010313289472817
"Wilson",0.01,1e+05,0.1,0.00113100330596831,0.0012339168113179,-0.00010291350534959
"Agresti_Coull",0.01,1e+05,0.2,0.00100806540115807,0.00123449104118451,-0.00022642564002644
"Clopper_Pearson",0.01,1e+05,0.2,0.00101607091732995,0.00124354492977222,-0.00022747401244227
"Wald",0.01,1e+05,0.2,0.00100563724426373,0.00123336598068558,-0.00022772873642185
"Wilson",0.01,1e+05,0.2,0.00100687002314473,0.0012339168113179,-0.00022704678817317
"Agresti_Coull",0.01,1e+05,0.25,0.000949888156132062,0.00123449104118451,-0.000284602885052448
"Clopper_Pearson",0.01,1e+05,0.25,0.000957339552079984,0.00124354492977222,-0.000286205377692236
"Wald",0.01,1e+05,0.25,0.000946676146526319,0.00123336598068558,-0.000286689834159261
"Wilson",0.01,1e+05,0.25,0.00094838049437251,0.0012339168113179,-0.00028553631694539
"Agresti_Coull",0.02,5000,0.01,0.00777180500943313,0.00783024581896217,-5.844080952904e-05
"Clopper_Pearson",0.02,5000,0.01,0.00791338171163226,0.00797325957880538,-5.98778671731196e-05
"Wald",0.02,5000,0.01,0.00770321655746254,0.00776340619815505,-6.01896406925099e-05
"Wilson",0.02,5000,0.01,0.00773613532751997,0.00779542815536752,-5.92928278475499e-05
"Agresti_Coull",0.02,5000,0.05,0.00749160799888344,0.00783024581896217,-0.00033863782007873
"Clopper_Pearson",0.02,5000,0.05,0.00762611503695615,0.00797325957880538,-0.00034714454184923
"Wald",0.02,5000,0.05,0.00741440508260005,0.00776340619815505,-0.000349001115555
"Wilson",0.02,5000,0.05,0.0074517588784915,0.00779542815536752,-0.00034366927687602
"Agresti_Coull",0.02,5000,0.1,0.00722335170108063,0.00783024581896217,-0.00060689411788154
"Clopper_Pearson",0.02,5000,0.1,0.00734789233980212,0.00797325957880538,-0.000625367239003261
"Wald",0.02,5000,0.1,0.00713369734186987,0.00776340619815505,-0.00062970885628518
"Wilson",0.02,5000,0.1,0.00717767990224593,0.00779542815536752,-0.00061774825312159
"Agresti_Coull",0.02,5000,0.2,0.0066598384745033,0.00783024581896217,-0.00117040734445887
"Clopper_Pearson",0.02,5000,0.2,0.00675663684735055,0.00797325957880538,-0.00121662273145483
"Wald",0.02,5000,0.2,0.00652709310234299,0.00776340619815505,-0.00123631309581206
"Wilson",0.02,5000,0.2,0.00659911430784394,0.00779542815536752,-0.00119631384752358
"Agresti_Coull",0.02,5000,0.25,0.00637336156868901,0.00783024581896217,-0.00145688425027316
"Clopper_Pearson",0.02,5000,0.25,0.00645363623160885,0.00797325957880538,-0.00151962334719653
"Wald",0.02,5000,0.25,0.00620949141533286,0.00776340619815505,-0.00155391478282219
"Wilson",0.02,5000,0.25,0.00630456583187585,0.00779542815536752,-0.00149086232349167
"Agresti_Coull",0.02,10000,0.01,0.00546954087157305,0.00550666514975859,-3.71242781855401e-05
"Clopper_Pearson",0.02,10000,0.01,0.00554883965787017,0.00558645427366836,-3.76146157981903e-05
"Wald",0.02,10000,0.01,0.00544523411062995,0.00548295358965989,-3.77194790299401e-05
"Wilson",0.02,10000,0.01,0.00545688298845467,0.00549429936612312,-3.74163776684497e-05
"Agresti_Coull",0.02,10000,0.05,0.00531962446439764,0.00550666514975859,-0.00018704068536095
"Clopper_Pearson",0.02,10000,0.05,0.00539671433875724,0.00558645427366836,-0.00018973993491112
"Wald",0.02,10000,0.05,0.00529263644840102,0.00548295358965989,-0.00019031714125887
"Wilson",0.02,10000,0.05,0.00530565193421085,0.00549429936612312,-0.00018864743191227
"Agresti_Coull",0.02,10000,0.1,0.00508558475512008,0.00550666514975859,-0.00042108039463851
"Clopper_Pearson",0.02,10000,0.1,0.00515889053750013,0.00558645427366836,-0.00042756373616823
"Wald",0.02,10000,0.1,0.00505399132449245,0.00548295358965989,-0.00042896226516744
"Wilson",0.02,10000,0.1,0.00506936968726857,0.00549429936612312,-0.00042492967885455
"Agresti_Coull",0.02,10000,0.2,0.0046792038530963,0.00550666514975859,-0.00082746129666229
"Clopper_Pearson",0.02,10000,0.2,0.00474123981392049,0.00558645427366836,-0.000845214459747869
"Wald",0.02,10000,0.2,0.00463163041757979,0.00548295358965989,-0.0008513231720801
"Wilson",0.02,10000,0.2,0.00465664759214428,0.00549429936612312,-0.00083765177397884
"Agresti_Coull",0.02,10000,0.25,0.00447700471897125,0.00550666514975859,-0.00102966043078734
"Clopper_Pearson",0.02,10000,0.25,0.00453249237529228,0.00558645427366836,-0.00105396189837608
"Wald",0.02,10000,0.25,0.00441857326656531,0.00548295358965989,-0.00106438032309458
"Wilson",0.02,10000,0.25,0.00445101766997669,0.00549429936612312,-0.00104328169614643
"Agresti_Coull",0.02,25000,0.01,0.00345051488203832,0.00347571491290848,-2.52000308701601e-05
"Clopper_Pearson",0.02,25000,0.01,0.00348527491615896,0.00351060139630082,-2.53264801418603e-05
"Wald",0.02,25000,0.01,0.00344436080133243,0.00346971418598104,-2.53533846486099e-05
"Wilson",0.02,25000,0.01,0.00344730739149699,0.00347258293488421,-2.52755433872202e-05
"Agresti_Coull",0.02,25000,0.05,0.00334790383899168,0.00347571491290848,-0.0001278110739168
"Clopper_Pearson",0.02,25000,0.05,0.00338207625710777,0.00351060139630082,-0.00012852513919305
"Wald",0.02,25000,0.05,0.00334103753903915,0.00346971418598104,-0.00012867664694189
"Wilson",0.02,25000,0.05,0.0033443454153527,0.00347258293488421,-0.00012823751953151
"Agresti_Coull",0.02,25000,0.1,0.00322250811083404,0.00347571491290848,-0.00025320680207444
"Clopper_Pearson",0.02,25000,0.1,0.00325575582748339,0.00351060139630082,-0.00025484556881743
"Wald",0.02,25000,0.1,0.00321451796577372,0.00346971418598104,-0.00025519622020732
"Wilson",0.02,25000,0.1,0.00321839832525614,0.00347258293488421,-0.00025418460962807
"Agresti_Coull",0.02,25000,0.2,0.00290145197420984,0.00347571491290848,-0.00057426293869864
"Clopper_Pearson",0.02,25000,0.2,0.00293168677356461,0.00351060139630082,-0.00057891462273621
"Wald",0.02,25000,0.2,0.00288961360343208,0.00346971418598104,-0.00058010058254896
"Wilson",0.02,25000,0.2,0.00289558164427025,0.00347258293488421,-0.00057700129061396
"Agresti_Coull",0.02,25000,0.25,0.00278152946725931,0.00347571491290848,-0.00069418544564917
"Clopper_Pearson",0.02,25000,0.25,0.00280955565448338,0.00351060139630082,-0.00070104574181744
"Wald",0.02,25000,0.25,0.00276646693316536,0.00346971418598104,-0.00070324725281568
"Wilson",0.02,25000,0.25,0.00277442312107024,0.00347258293488421,-0.00069815981381397
"Agresti_Coull",0.02,50000,0.01,0.00243818151616121,0.00245617792987496,-1.799641371375e-05
"Clopper_Pearson",0.02,50000,0.01,0.00245632849040981,0.00247437023021452,-1.804173980471e-05
"Wald",0.02,50000,0.01,0.00243600486382807,0.00245405622418195,-1.80513603538798e-05
"Wilson",0.02,50000,0.01,0.00243704673059009,0.00245507023682232,-1.802350623223e-05
"Agresti_Coull",0.02,50000,0.05,0.0023713554275976,0.00245617792987496,-8.48225022773599e-05
"Clopper_Pearson",0.02,50000,0.05,0.00238930653555389,0.00247437023021452,-8.50636946606296e-05
"Wald",0.02,50000,0.05,0.0023689415373498,0.00245405622418195,-8.511468683215e-05
"Wilson",0.02,50000,0.05,0.00237010351214872,0.00245507023682232,-8.49667246736003e-05
"Agresti_Coull",0.02,50000,0.1,0.00227207371040727,0.00245617792987496,-0.00018410421946769
"Clopper_Pearson",0.02,50000,0.1,0.00228967310280232,0.00247437023021452,-0.0001846971274122
"Wald",0.02,50000,0.1,0.00226923405232003,0.00245405622418195,-0.00018482217186192
"Wilson",0.02,50000,0.1,0.00227061152037766,0.00245507023682232,-0.00018445871644466
"Agresti_Coull",0.02,50000,0.2,0.00207061903046224,0.00245617792987496,-0.00038555889941272
"Clopper_Pearson",0.02,50000,0.2,0.00208713025150431,0.00247437023021452,-0.00038723997871021
"Wald",0.02,50000,0.2,0.00206643594420119,0.00245405622418195,-0.00038762027998076
"Wilson",0.02,50000,0.2,0.00206851243841251,0.00245507023682232,-0.00038655779840981
"Agresti_Coull",0.02,50000,0.25,0.00196598179363947,0.00245617792987496,-0.00049019613623549
"Clopper_Pearson",0.02,50000,0.25,0.00198157999303303,0.00247437023021452,-0.00049279023718149
"Wald",0.02,50000,0.25,0.00196051876240097,0.00245405622418195,-0.00049353746178098
"Wilson",0.02,50000,0.25,0.00196335728081308,0.00245507023682232,-0.00049171295600924
"Agresti_Coull",0.02,1e+05,0.01,0.00172082592679934,0.00173613861718981,-1.531269039047e-05
"Clopper_Pearson",0.02,1e+05,0.01,0.00173016951992629,0.00174549952561589,-1.53300056895999e-05
"Wald",0.02,1e+05,0.01,0.00172005471075734,0.00173538840406075,-1.53336933034099e-05
"Wilson",0.02,1e+05,0.01,0.00172042385855265,0.00173574689680993,-1.532303825728e-05
"Agresti_Coull",0.02,1e+05,0.05,0.00166952916933447,0.00173613861718981,-6.66094478553401e-05
"Clopper_Pearson",0.02,1e+05,0.05,0.00167879903001699,0.00174549952561589,-6.67004955989001e-05
"Wald",0.02,1e+05,0.05,0.00166866865987813,0.00173538840406075,-6.67197441826198e-05
"Wilson",0.02,1e+05,0.05,0.00166908298596032,0.00173574689680993,-6.66639108496099e-05
"Agresti_Coull",0.02,1e+05,0.1,0.00160593298478771,0.00173613861718981,-0.0001302056324021
"Clopper_Pearson",0.02,1e+05,0.1,0.001615085140394,0.00174549952561589,-0.00013041438522189
"Wald",0.02,1e+05,0.1,0.00160493008771397,0.00173538840406075,-0.00013045831634678
"Wilson",0.02,1e+05,0.1,0.00160541634122348,0.00173574689680993,-0.00013033055558645
"Agresti_Coull",0.02,1e+05,0.2,0.00146952016454534,0.00173613861718981,-0.00026661845264447
"Clopper_Pearson",0.02,1e+05,0.2,0.00147828248651104,0.00174549952561589,-0.00026721703910485
"Wald",0.02,1e+05,0.2,0.00146803729634264,0.00173538840406075,-0.00026735110771811
"Wilson",0.02,1e+05,0.2,0.00146877185248057,0.00173574689680993,-0.00026697504432936
"Agresti_Coull",0.02,1e+05,0.25,0.00141561719423683,0.00173613861718981,-0.00032052142295298
"Clopper_Pearson",0.02,1e+05,0.25,0.00142407818024977,0.00174549952561589,-0.00032142134536612
"Wald",0.02,1e+05,0.25,0.0014137361106493,0.00173538840406075,-0.00032165229341145
"Wilson",0.02,1e+05,0.25,0.00141469391841461,0.00173574689680993,-0.00032105297839532
"Agresti_Coull",0.05,5000,0.01,0.0120426909977525,0.0121066936801868,-6.40026824342988e-05
"Clopper_Pearson",0.05,5000,0.01,0.0122107805771096,0.0122754471347174,-6.46665576077999e-05
"Wald",0.05,5000,0.01,0.012006972713805,0.0120717892908024,-6.48165769974e-05
"Wilson",0.05,5000,0.01,0.0120225527496542,0.0120869480019364,-6.43952522822004e-05
"Agresti_Coull",0.05,5000,0.05,0.0117422813427421,0.0121066936801868,-0.000364412337444699
"Clopper_Pearson",0.05,5000,0.05,0.0119072510639008,0.0122754471347174,-0.0003681960708166
"Wald",0.05,5000,0.05,0.0117027368955009,0.0120717892908024,-0.000369052395301502
"Wilson",0.05,5000,0.05,0.0117202997235829,0.0120869480019364,-0.000366648278353501
"Agresti_Coull",0.05,5000,0.1,0.0114343372025511,0.0121066936801868,-0.000672356477635699
"Clopper_Pearson",0.05,5000,0.1,0.0115949891007993,0.0122754471347174,-0.000680458033918101
"Wald",0.05,5000,0.1,0.0113894893976725,0.0120717892908024,-0.000682299893129901
"Wilson",0.05,5000,0.1,0.011409806951447,0.0120869480019364,-0.0006771410504894
"Agresti_Coull",0.05,5000,0.2,0.0106274058024962,0.0121066936801868,-0.0014792878776906
"Clopper_Pearson",0.05,5000,0.2,0.0107738761134474,0.0122754471347174,-0.00150157102127
"Wald",0.05,5000,0.2,0.0105643909056384,0.0120717892908024,-0.001507398385164
"Wilson",0.05,5000,0.2,0.0105946292924317,0.0120869480019364,-0.0014923187095047
"Agresti_Coull",0.05,5000,0.25,0.0102029055596734,0.0121066936801868,-0.0019037881205134
"Clopper_Pearson",0.05,5000,0.25,0.0103391342513801,0.0122754471347174,-0.0019363128833373
"Wald",0.05,5000,0.25,0.0101245394498575,0.0120717892908024,-0.0019472498409449
"Wilson",0.05,5000,0.25,0.0101645141009195,0.0120869480019364,-0.0019224339010169
"Agresti_Coull",0.05,10000,0.01,0.00849623792330047,0.00855298053386397,-5.67426105635011e-05
"Clopper_Pearson",0.05,10000,0.01,0.0085849372158305,0.00864194033156682,-5.70031157363197e-05
"Wald",0.05,10000,0.01,0.00848357540358631,0.00854063779405561,-5.70623904692993e-05
"Wilson",0.05,10000,0.01,0.0084890967384328,0.00854599339731999,-5.68966588871886e-05
"Agresti_Coull",0.05,10000,0.05,0.00828376845638043,0.00855298053386397,-0.00026921207748354
"Clopper_Pearson",0.05,10000,0.05,0.00837136577961644,0.00864194033156682,-0.00027057455195038
"Wald",0.05,10000,0.05,0.00826975590803514,0.00854063779405561,-0.000270881886020469
"Wilson",0.05,10000,0.05,0.00827597475019098,0.00854599339731999,-0.000270018647129009
"Agresti_Coull",0.05,10000,0.1,0.00804667527299105,0.00855298053386397,-0.000506305260872921
"Clopper_Pearson",0.05,10000,0.1,0.00813261552068534,0.00864194033156682,-0.00050932481088148
"Wald",0.05,10000,0.1,0.00803064012495905,0.00854063779405561,-0.000509997669096559
"Wilson",0.05,10000,0.1,0.0080378982822548,0.00854599339731999,-0.00050809511506519
"Agresti_Coull",0.05,10000,0.2,0.00749953387352998,0.00855298053386397,-0.00105344666033399
"Clopper_Pearson",0.05,10000,0.2,0.00758031785519544,0.00864194033156682,-0.00106162247637138
"Wald",0.05,10000,0.2,0.00747703269358571,0.00854063779405561,-0.0010636051004699
"Wilson",0.05,10000,0.2,0.00748772822647947,0.00854599339731999,-0.00105826517084052
"Agresti_Coull",0.05,10000,0.25,0.00724384683023008,0.00855298053386397,-0.00130913370363389
"Clopper_Pearson",0.05,10000,0.25,0.00732109869555381,0.00864194033156682,-0.00132084163601301
"Wald",0.05,10000,0.25,0.00721655046417626,0.00854063779405561,-0.00132408732987935
"Wilson",0.05,10000,0.25,0.00723002294012422,0.00854599339731999,-0.00131597045719577
"Agresti_Coull",0.05,25000,0.01,0.00537403350385305,0.00540632845259306,-3.22949487400106e-05
"Clopper_Pearson",0.05,25000,0.01,0.00541118009358808,0.005443537314824,-3.23572212359204e-05
"Wald",0.05,25000,0.01,0.00537083419692841,0.00540320548103834,-3.23712841099298e-05
"Wilson",0.05,25000,0.01,0.0053722280167186,0.00540455985454328,-3.23318378246795e-05
"Agresti_Coull",0.05,25000,0.05,0.00524950355314189,0.00540632845259306,-0.000156824899451171
"Clopper_Pearson",0.05,25000,0.05,0.00528637796978201,0.005443537314824,-0.00015715934504199
"Wald",0.05,25000,0.05,0.00524597129234655,0.00540320548103834,-0.00015723418869179
"Wilson",0.05,25000,0.05,0.00524753658162137,0.00540455985454328,-0.00015702327292191
"Agresti_Coull",0.05,25000,0.1,0.00506680759191504,0.00540632845259306,-0.00033952086067802
"Clopper_Pearson",0.05,25000,0.1,0.00510323686935932,0.005443537314824,-0.00034030044546468
"Wald",0.05,25000,0.1,0.00506273156544033,0.00540320548103834,-0.00034047391559801
"Wilson",0.05,25000,0.1,0.00506457628751229,0.00540455985454328,-0.000339983567030989
"Agresti_Coull",0.05,25000,0.2,0.00470961575663446,0.00540632845259306,-0.0006967126959586
"Clopper_Pearson",0.05,25000,0.2,0.00474470950611148,0.005443537314824,-0.000698827808712521
"Wald",0.05,25000,0.2,0.00470388495712216,0.00540320548103834,-0.000699320523916179
"Wilson",0.05,25000,0.2,0.00470659465901158,0.00540455985454328,-0.000697965195531699
"Agresti_Coull",0.05,25000,0.25,0.0045130380462577,0.00540632845259306,-0.00089329040633536
"Clopper_Pearson",0.05,25000,0.25,0.004547146391001,0.005443537314824,-0.000896390923823
"Wald",0.05,25000,0.25,0.00450605452319363,0.00540320548103834,-0.00089715095784471
"Wilson",0.05,25000,0.25,0.00450944187334963,0.00540455985454328,-0.00089511798119365
"Agresti_Coull",0.05,50000,0.01,0.00379716997937965,0.00382144013854185,-2.42701591622002e-05
"Clopper_Pearson",0.05,50000,0.01,0.00381616067481349,0.00384045341684667,-2.42927420331801e-05
"Wald",0.05,50000,0.01,0.00379603773242824,0.00382033558773252,-2.429785530428e-05
"Wilson",0.05,50000,0.01,0.00379653103009481,0.00382081456433964,-2.42835342448302e-05
"Agresti_Coull",0.05,50000,0.05,0.00370446650735024,0.00382144013854185,-0.00011697363119161
"Clopper_Pearson",0.05,50000,0.05,0.00372335793046282,0.00384045341684667,-0.00011709548638385
"Wald",0.05,50000,0.05,0.00370321280412527,0.00382033558773252,-0.00011712278360725
"Wilson",0.05,50000,0.05,0.00370376864843625,0.00382081456433964,-0.00011704591590339
"Agresti_Coull",0.05,50000,0.1,0.00358757755797839,0.00382144013854185,-0.00023386258056346
"Clopper_Pearson",0.05,50000,0.1,0.0036063177415512,0.00384045341684667,-0.00023413567529547
"Wald",0.05,50000,0.1,0.0035861393156969,0.00382033558773252,-0.00023419627203562
"Wilson",0.05,50000,0.1,0.0035867897691035,0.00382081456433964,-0.00023402479523614
"Agresti_Coull",0.05,50000,0.2,0.00331898660279639,0.00382144013854185,-0.00050245353574546
"Clopper_Pearson",0.05,50000,0.2,0.00333725285522256,0.00384045341684667,-0.00050320056162411
"Wald",0.05,50000,0.2,0.00331697171526952,0.00382033558773252,-0.000503363872463
"Wilson",0.05,50000,0.2,0.00331791665747819,0.00382081456433964,-0.00050289790686145
"Agresti_Coull",0.05,50000,0.25,0.00324858443995727,0.00382144013854185,-0.00057285569858458
"Clopper_Pearson",0.05,50000,0.25,0.00326654814044165,0.00384045341684667,-0.00057390527640502
"Wald",0.05,50000,0.25,0.00324619846078965,0.00382033558773252,-0.00057413712694287
"Wilson",0.05,50000,0.25,0.00324733504308585,0.00382081456433964,-0.00057347952125379
"Agresti_Coull",0.05,1e+05,0.01,0.00268642444057354,0.00270184831683561,-1.54238762620699e-05
"Clopper_Pearson",0.05,1e+05,0.01,0.00269606786579851,0.00271149954673661,-1.54316809381e-05
"Wald",0.05,1e+05,0.01,0.00268602433939852,0.00270145777231742,-1.54334329189e-05
"Wilson",0.05,1e+05,0.01,0.00268619860953028,0.00270162711478498,-1.54285052547001e-05
"Agresti_Coull",0.05,1e+05,0.05,0.00262502073990964,0.00270184831683561,-7.68275769259699e-05
"Clopper_Pearson",0.05,1e+05,0.05,0.00263463031318422,0.00271149954673661,-7.68692335523899e-05
"Wald",0.05,1e+05,0.05,0.00262457924562044,0.00270145777231742,-7.68785266969801e-05
"Wilson",0.05,1e+05,0.05,0.00262477480848926,0.00270162711478498,-7.68523062957198e-05
"Agresti_Coull",0.05,1e+05,0.1,0.00253143684879917,0.00270184831683561,-0.00017041146803644
"Clopper_Pearson",0.05,1e+05,0.1,0.00254099013089197,0.00271149954673661,-0.00017050941584464
"Wald",0.05,1e+05,0.1,0.00253092661093727,0.00270145777231742,-0.00017053116138015
"Wilson",0.05,1e+05,0.1,0.00253115746076941,0.00270162711478498,-0.00017046965401557
"Agresti_Coull",0.05,1e+05,0.2,0.00237145350682775,0.00270184831683561,-0.00033039481000786
"Clopper_Pearson",0.05,1e+05,0.2,0.00238085241344789,0.00271149954673661,-0.00033064713328872
"Wald",0.05,1e+05,0.2,0.0023707556922581,0.00270145777231742,-0.00033070208005932
"Wilson",0.05,1e+05,0.2,0.00237108204487342,0.00270162711478498,-0.00033054506991156
"Agresti_Coull",0.05,1e+05,0.25,0.00227093132979371,0.00270184831683561,-0.0004309169870419
"Clopper_Pearson",0.05,1e+05,0.25,0.00228018885533822,0.00271149954673661,-0.00043131069139839
"Wald",0.05,1e+05,0.25,0.00227005826933268,0.00270145777231742,-0.00043139950298474
"Wilson",0.05,1e+05,0.25,0.00227047614428956,0.00270162711478498,-0.00043115097049542
