"model","method","p","n","rho","avg_width","median_width"
"independent","Agresti_Coull",0.001,5000,0,0.00203219156135689,0.00205944377452744
"independent","Clopper_Pearson",0.001,5000,0,0.0019695294807799,0.00200733611636777
"independent","Wald",0.001,5000,0,0.00167676287317714,0.00175216833937232
"independent","Wilson",0.001,5000,0,0.00188075364493205,0.00191173955894941
"independent","Agresti_Coull",0.001,10000,0,0.00134243074048024,0.00135208436575406
"independent","Clopper_Pearson",0.001,10000,0,0.00134592969514527,0.00135862441043954
"independent","Wald",0.001,10000,0,0.00122496211395148,0.00123897011455054
"independent","Wilson",0.001,10000,0,0.00128533833765658,0.00129665840094075
"independent","Agresti_Coull",0.001,25000,0,0.000808203499630607,0.000812981833297822
"independent","Clopper_Pearson",0.001,25000,0,0.00082342031135318,0.00082859721841772
"independent","Wald",0.001,25000,0,0.000778327807769112,0.000783593502971885
"independent","Wilson",0.001,25000,0,0.000793384152661764,0.000798394487831967
"independent","Agresti_Coull",0.001,50000,0,0.000562585829631027,0.000564572241161435
"independent","Clopper_Pearson",0.001,50000,0,0.000573795725978986,0.000575857888870404
"independent","Wald",0.001,50000,0,0.000552006014947609,0.000554084279645141
"independent","Wilson",0.001,50000,0,0.00055731125545892,0.000559342502657576
"independent","Agresti_Coull",0.001,1e+05,0,0.000395312162725397,0.000395522544402491
"independent","Clopper_Pearson",0.001,1e+05,0,0.000402204890515111,0.000402424713677472
"independent","Wald",0.001,1e+05,0,0.000391574960759376,0.000391796751485942
"independent","Wilson",0.001,1e+05,0,0.000393444337877383,0.000393660346915382
"independent","Agresti_Coull",0.005,5000,0,0.0040360220716454,0.00405365280062235
"independent","Clopper_Pearson",0.005,5000,0,0.00411448959997559,0.00413392414742532
"independent","Wald",0.005,5000,0,0.00389027469464855,0.00391011586866203
"independent","Wilson",0.005,5000,0,0.00396314386634593,0.00398182201940016
"independent","Agresti_Coull",0.005,10000,0,0.00280931172825939,0.00281612373294098
"independent","Clopper_Pearson",0.005,10000,0,0.00286618385599908,0.00287332024952443
"independent","Wald",0.005,10000,0,0.00275766337091093,0.00276486944595605
"independent","Wilson",0.005,10000,0,0.00278335260856963,0.00279035624529338
"independent","Agresti_Coull",0.005,25000,0,0.0017616043482401,0.00176170250837107
"independent","Clopper_Pearson",0.005,25000,0,0.00179068083623075,0.00179080109198609
"independent","Wald",0.005,25000,0,0.00174853213056278,0.00174865697644579
"independent","Wilson",0.005,25000,0,0.00175501410816191,0.00175512545405381
"independent","Agresti_Coull",0.005,50000,0,0.00124025633755202,0.00124110895966354
"independent","Clopper_Pearson",0.005,50000,0,0.00125638672052494,0.00125724618345407
"independent","Wald",0.005,50000,0,0.00123562632262867,0.00123648720601398
"independent","Wilson",0.005,50000,0,0.00123791990694603,0.00123877662425815
"independent","Agresti_Coull",0.005,1e+05,0,0.000875774345813514,0.000875964206866158
"independent","Clopper_Pearson",0.005,1e+05,0,0.000884406162551805,0.000884597026939694
"independent","Wald",0.005,1e+05,0,0.000874137416939457,0.000874328488222893
"independent","Wilson",0.005,1e+05,0,0.000874947894104523,0.000875138356966006
"independent","Agresti_Coull",0.01,5000,0,0.00560162216464327,0.00561539110193959
"independent","Clopper_Pearson",0.01,5000,0,0.00571726792195699,0.00573169126079122
"independent","Wald",0.01,5000,0,0.00550126211714348,0.0055158275770638
"independent","Wilson",0.01,5000,0,0.00555064730779754,0.00556480227826285
"independent","Agresti_Coull",0.01,10000,0,0.00392772848977559,0.00393567175713692
"independent","Clopper_Pearson",0.01,10000,0,0.00399782401751654,0.00400590831845052
"independent","Wald",0.01,10000,0,0.00389216467012385,0.00390027908359757
"independent","Wilson",0.01,10000,0,0.00390961897868819,0.00391764610696623
"independent","Agresti_Coull",0.01,25000,0,0.00247388500780204,0.00247573631549601
"independent","Clopper_Pearson",0.01,25000,0,0.00250631600170345,0.00250818124285546
"independent","Wald",0.01,25000,0,0.00246488490676366,0.00246675308289652
"independent","Wilson",0.01,25000,0,0.00246929492644737,0.00247115455920991
"independent","Agresti_Coull",0.01,50000,0,0.00174699985004854,0.00174571340305177
"independent","Clopper_Pearson",0.01,50000,0,0.00176432375732247,0.00176303651109424
"independent","Wald",0.01,50000,0,0.00174381773846568,0.00174253030264389
"independent","Wilson",0.01,50000,0,0.00174537612222097,0.00174408920494398
"independent","Agresti_Coull",0.01,1e+05,0,0.00123449104118451,0.00123450130553384
"independent","Clopper_Pearson",0.01,1e+05,0,0.00124354492977222,0.00124355544025576
"independent","Wald",0.01,1e+05,0,0.00123336598068558,0.00123337654144826
"independent","Wilson",0.01,1e+05,0,0.0012339168113179,0.00123392722356095
"independent","Agresti_Coull",0.02,5000,0,0.00783024581896217,0.00782775417525761
"independent","Clopper_Pearson",0.02,5000,0,0.00797325957880538,0.00797088978475542
"independent","Wald",0.02,5000,0,0.00776340619815505,0.00776106141635819
"independent","Wilson",0.02,5000,0,0.00779542815536752,0.00779300920395002
"independent","Agresti_Coull",0.02,10000,0,0.00550666514975859,0.00551155229228825
"independent","Clopper_Pearson",0.02,10000,0,0.00558645427366836,0.00559138944941984
"independent","Wald",0.02,10000,0,0.00548295358965989,0.00548789915671215
"independent","Wilson",0.02,10000,0,0.00549429936612312,0.00549921508557637
"independent","Agresti_Coull",0.02,25000,0,0.00347571491290848,0.00347684726878277
"independent","Clopper_Pearson",0.02,25000,0,0.00351060139630082,0.00351173839497704
"independent","Wald",0.02,25000,0,0.00346971418598104,0.00347085218090554
"independent","Wilson",0.02,25000,0,0.00347258293488421,0.00347371806029478
"independent","Agresti_Coull",0.02,50000,0,0.00245617792987496,0.00245638402969806
"independent","Clopper_Pearson",0.02,50000,0,0.00247437023021452,0.00247457698232622
"independent","Wald",0.02,50000,0,0.00245405622418195,0.00245426311361443
"independent","Wilson",0.02,50000,0,0.00245507023682232,0.00245527672698763
"independent","Agresti_Coull",0.02,1e+05,0,0.00173613861718981,0.00173617618338975
"independent","Clopper_Pearson",0.02,1e+05,0,0.00174549952561589,0.00174553719134671
"independent","Wald",0.02,1e+05,0,0.00173538840406075,0.00173542609045278
"independent","Wilson",0.02,1e+05,0,0.00173574689680993,0.00173578452270399
"independent","Agresti_Coull",0.05,5000,0,0.0121066936801868,0.0121168385496386
"independent","Clopper_Pearson",0.05,5000,0,0.0122754471347174,0.0122856692621788
"independent","Wald",0.05,5000,0,0.0120717892908024,0.0120820294316136
"independent","Wilson",0.05,5000,0,0.0120869480019364,0.0120971383494103
"independent","Agresti_Coull",0.05,10000,0,0.00855298053386397,0.00855561343547545
"independent","Clopper_Pearson",0.05,10000,0,0.00864194033156682,0.00864458482958824
"independent","Wald",0.05,10000,0,0.00854063779405561,0.0085432849415894
"independent","Wilson",0.05,10000,0,0.00854599339731999,0.00854863315243938
"independent","Agresti_Coull",0.05,25000,0,0.00540632845259306,0.00540637000296368
"independent","Clopper_Pearson",0.05,25000,0,0.005443537314824,0.00544357952134088
"independent","Wald",0.05,25000,0,0.00540320548103834,0.00540324782304823
"independent","Wilson",0.05,25000,0,0.00540455985454328,0.00540460179864281
"independent","Agresti_Coull",0.05,50000,0,0.00382144013854185,0.00382177742174086
"independent","Clopper_Pearson",0.05,50000,0,0.00384045341684667,0.00384079094764801
"independent","Wald",0.05,50000,0,0.00382033558773252,0.00382067317610885
"independent","Wilson",0.05,50000,0,0.00382081456433964,0.0038211519935832
"independent","Agresti_Coull",0.05,1e+05,0,0.00270184831683561,0.00270201438999859
"independent","Clopper_Pearson",0.05,1e+05,0,0.00271149954673661,0.00271166567330968
"independent","Wald",0.05,1e+05,0,0.00270145777231742,0.00270162391152411
"independent","Wilson",0.05,1e+05,0,0.00270162711478498,0.00270179321936827
"vasicek","Agresti_Coull",0.001,5000,0.01,0.00199964209472916,0.00205944377452744
"vasicek","Clopper_Pearson",0.001,5000,0.01,0.00193123735418186,0.00200733611636777
"vasicek","Wald",0.001,5000,0.01,0.00161825072062026,0.00175216833937232
"vasicek","Wilson",0.001,5000,0.01,0.00184733395065774,0.00191173955894941
"vasicek","Agresti_Coull",0.001,5000,0.05,0.00193616403559149,0.00190504423112638
"vasicek","Clopper_Pearson",0.001,5000,0.05,0.00185620139445741,0.00182902483867165
"vasicek","Wald",0.001,5000,0.05,0.00149363843791959,0.0015673438736691
"vasicek","Wilson",0.001,5000,0.05,0.0017843853253908,0.00174417966974191
"vasicek","Agresti_Coull",0.001,5000,0.1,0.00185028231923186,0.0017369033067742
"vasicek","Clopper_Pearson",0.001,5000,0.1,0.00175718224348035,0.00162869208292674
"vasicek","Wald",0.001,5000,0.1,0.00134123279149808,0.00127874772445158
"vasicek","Wilson",0.001,5000,0.1,0.001699311921291,0.00155863139433436
"vasicek","Agresti_Coull",0.001,5000,0.2,0.00170261744410056,0.00125290898005159
"vasicek","Clopper_Pearson",0.001,5000,0.2,0.00158880181887776,0.00110875583155692
"vasicek","Wald",0.001,5000,0.2,0.00109592553385512,0.00059195359566816
"vasicek","Wilson",0.001,5000,0.2,0.00155164969978258,0.00109678329740037
"vasicek","Agresti_Coull",0.001,5000,0.25,0.00163287388733878,0.00125290898005159
"vasicek","Clopper_Pearson",0.001,5000,0.25,0.00151083825874334,0.00110875583155692
"vasicek","Wald",0.001,5000,0.25,0.000987095332109163,0.00059195359566816
"vasicek","Wilson",0.001,5000,0.25,0.00148180931674016,0.00109678329740037
"vasicek","Agresti_Coull",0.001,10000,0.01,0.0013235804686747,0.00129419563423365
"vasicek","Clopper_Pearson",0.001,10000,0.01,0.00132313792446598,0.00129617247998892
"vasicek","Wald",0.001,10000,0.01,0.00119846844655564,0.00117544908132678
"vasicek","Wilson",0.001,10000,0.01,0.00126444812323193,0.00123615305243937
"vasicek","Agresti_Coull",0.001,10000,0.05,0.00127376159592185,0.00123358090571349
"vasicek","Clopper_Pearson",0.001,10000,0.05,0.00126183949632603,0.00123026262836937
"vasicek","Wald",0.001,10000,0.05,0.00111780600757002,0.00110827948152261
"vasicek","Wilson",0.001,10000,0.05,0.00121002701529044,0.00117251653348975
"vasicek","Agresti_Coull",0.001,10000,0.1,0.00120265094118074,0.00103047377796174
"vasicek","Clopper_Pearson",0.001,10000,0.1,0.00117911793331745,0.00100407627486775
"vasicek","Wald",0.001,10000,0.1,0.00100954640350067,0.000876303382543258
"vasicek","Wilson",0.001,10000,0.1,0.00113563790268461,0.000956437519978267
"vasicek","Agresti_Coull",0.001,10000,0.2,0.00108885093427612,0.000868998828006601
"vasicek","Clopper_Pearson",0.001,10000,0.2,0.00104872557556397,0.000814603036765614
"vasicek","Wald",0.001,10000,0.2,0.000834350386811059,0.000639424795045143
"vasicek","Wilson",0.001,10000,0.2,0.00101862262554925,0.000779703572818569
"vasicek","Agresti_Coull",0.001,10000,0.25,0.00102430154470597,0.000775728236342961
"vasicek","Clopper_Pearson",0.001,10000,0.25,0.000977119947792266,0.000698058212083286
"vasicek","Wald",0.001,10000,0.25,0.000742580769443405,0.000477153045407406
"vasicek","Wilson",0.001,10000,0.25,0.000953015652553477,0.000674146916686609
"vasicek","Agresti_Coull",0.001,25000,0.01,0.00079960627303016,0.000797755363264894
"vasicek","Clopper_Pearson",0.001,25000,0.01,0.000813827801197262,0.000812885424546059
"vasicek","Wald",0.001,25000,0.01,0.000768495521018932,0.0007677770696672
"vasicek","Wilson",0.001,25000,0.01,0.000784212023050037,0.000782881950197891
"vasicek","Agresti_Coull",0.001,25000,0.05,0.000757498891490644,0.00071676699319788
"vasicek","Clopper_Pearson",0.001,25000,0.05,0.000766955666780795,0.000728951139285906
"vasicek","Wald",0.001,25000,0.05,0.000719259685576244,0.000683203030100154
"vasicek","Wilson",0.001,25000,0.05,0.000739478334715832,0.000700161840814199
"vasicek","Agresti_Coull",0.001,25000,0.1,0.000719399218854692,0.000625337570792402
"vasicek","Clopper_Pearson",0.001,25000,0.1,0.000723398016896186,0.000633216565208571
"vasicek","Wald",0.001,25000,0.1,0.00066969230980527,0.000586516803933533
"vasicek","Wilson",0.001,25000,0.1,0.000698842211079631,0.000606217702771523
"vasicek","Agresti_Coull",0.001,25000,0.2,0.000624573453406779,0.000468159722371821
"vasicek","Clopper_Pearson",0.001,25000,0.2,0.000618511754167894,0.000464239678300438
"vasicek","Wald",0.001,25000,0.2,0.000547609021092132,0.000414788100007281
"vasicek","Wilson",0.001,25000,0.2,0.00060043280715233,0.000442266821673793
"vasicek","Agresti_Coull",0.001,25000,0.25,0.000592184307671012,0.000381423574543473
"vasicek","Clopper_Pearson",0.001,25000,0.25,0.000582513896893588,0.000366016129931133
"vasicek","Wald",0.001,25000,0.25,0.000503789605531271,0.000313569148983825
"vasicek","Wilson",0.001,25000,0.25,0.000567024572629331,0.000349140424614281
"vasicek","Agresti_Coull",0.001,50000,0.01,0.000554426351986233,0.000548035423926893
"vasicek","Clopper_Pearson",0.001,50000,0.01,0.000565244968078181,0.000559051089856628
"vasicek","Wald",0.001,50000,0.01,0.000543371491583115,0.00053722077237862
"vasicek","Wilson",0.001,50000,0.01,0.000548920799862801,0.000542645033229555
"vasicek","Agresti_Coull",0.001,50000,0.05,0.00052619653441712,0.000488873075267714
"vasicek","Clopper_Pearson",0.001,50000,0.05,0.000535223010347479,0.000498769576175804
"vasicek","Wald",0.001,50000,0.05,0.000512856563626251,0.000476703341248071
"vasicek","Wilson",0.001,50000,0.05,0.000519652137452369,0.00048281774695373
"vasicek","Agresti_Coull",0.001,50000,0.1,0.000490879487578878,0.000428677641313307
"vasicek","Clopper_Pearson",0.001,50000,0.1,0.00049728687043005,0.000437107829447515
"vasicek","Wald",0.001,50000,0.1,0.000473257657982529,0.000414730009341262
"vasicek","Wilson",0.001,50000,0.1,0.000482940400709476,0.000421753920855159
"vasicek","Agresti_Coull",0.001,50000,0.2,0.000424897009066031,0.000302764491789206
"vasicek","Clopper_Pearson",0.001,50000,0.2,0.000425931329901089,0.000306120798806325
"vasicek","Wald",0.001,50000,0.2,0.000395307637767763,0.000282633276280652
"vasicek","Wilson",0.001,50000,0.2,0.000414606730800934,0.000292867053892397
"vasicek","Agresti_Coull",0.001,50000,0.25,0.000388183185785915,0.000246889962186599
"vasicek","Clopper_Pearson",0.001,50000,0.25,0.000386396187344718,0.000246160216983013
"vasicek","Wald",0.001,50000,0.25,0.000350905453168702,0.000221726871617357
"vasicek","Wilson",0.001,50000,0.25,0.00037690571948028,0.000234642425069175
"vasicek","Agresti_Coull",0.001,1e+05,0.01,0.000389401349714871,0.000385708479026
"vasicek","Clopper_Pearson",0.001,1e+05,0.01,0.000396153589482572,0.000392530390140354
"vasicek","Wald",0.001,1e+05,0.01,0.00038549433842746,0.000381885792512565
"vasicek","Wilson",0.001,1e+05,0.01,0.000387449813453582,0.000383798282785126
"vasicek","Agresti_Coull",0.001,1e+05,0.05,0.000368450427489368,0.000348085164367506
"vasicek","Clopper_Pearson",0.001,1e+05,0.05,0.00037455864320867,0.000354557056576248
"vasicek","Wald",0.001,1e+05,0.05,0.00036375615139083,0.000343839828466668
"vasicek","Wilson",0.001,1e+05,0.05,0.000366118233312771,0.000345965767365357
"vasicek","Agresti_Coull",0.001,1e+05,0.1,0.000343438783902528,0.000300792832596889
"vasicek","Clopper_Pearson",0.001,1e+05,0.1,0.000348435866129487,0.000306698759315012
"vasicek","Wald",0.001,1e+05,0.1,0.000337208737179931,0.000295863714424382
"vasicek","Wilson",0.001,1e+05,0.1,0.000340476527208246,0.000298335683167341
"vasicek","Agresti_Coull",0.001,1e+05,0.2,0.000294530181973842,0.00021437913428031
"vasicek","Clopper_Pearson",0.001,1e+05,0.2,0.000296990702465327,0.0002185869552102
"vasicek","Wald",0.001,1e+05,0.2,0.000283389075502135,0.00020739405000364
"vasicek","Wilson",0.001,1e+05,0.2,0.000290344700366047,0.000210913619253639
"vasicek","Agresti_Coull",0.001,1e+05,0.25,0.000268902997188753,0.000170486208722078
"vasicek","Clopper_Pearson",0.001,1e+05,0.25,0.000269927653609828,0.000173138277396442
"vasicek","Wald",0.001,1e+05,0.25,0.000254433139569486,0.000161609032093888
"vasicek","Wilson",0.001,1e+05,0.25,0.000264115251419786,0.000166105508649884
"vasicek","Agresti_Coull",0.005,5000,0.01,0.00399297163468664,0.00397805123666818
"vasicek","Clopper_Pearson",0.005,5000,0.01,0.00406746788099138,0.00405585415372622
"vasicek","Wald",0.005,5000,0.01,0.00384233113249679,0.00383150050273811
"vasicek","Wilson",0.005,5000,0.01,0.0039177952335235,0.00390477024852591
"vasicek","Agresti_Coull",0.005,5000,0.05,0.00382819295979767,0.00365972693244791
"vasicek","Clopper_Pearson",0.005,5000,0.05,0.00388475351707937,0.00372598384402137
"vasicek","Wald",0.005,5000,0.05,0.00365218094273835,0.00349907095574187
"vasicek","Wilson",0.005,5000,0.05,0.0037429628827116,0.00357967489192712
"vasicek","Agresti_Coull",0.005,5000,0.1,0.00367125530917484,0.00340111127199123
"vasicek","Clopper_Pearson",0.005,5000,0.1,0.00370605407811067,0.00345633155308297
"vasicek","Wald",0.005,5000,0.1,0.00345314613815052,0.00322695555920968
"vasicek","Wilson",0.005,5000,0.1,0.00357534382671946,0.00331460798017185
"vasicek","Agresti_Coull",0.005,5000,0.2,0.00333393393038199,0.00270151902386561
"vasicek","Clopper_Pearson",0.005,5000,0.2,0.00332854501569241,0.00271550416311187
"vasicek","Wald",0.005,5000,0.2,0.00301431837221095,0.00247669970825782
"vasicek","Wilson",0.005,5000,0.2,0.00322241811786723,0.00259113741538913
"vasicek","Agresti_Coull",0.005,5000,0.25,0.00315479468229134,0.00233769182603383
"vasicek","Clopper_Pearson",0.005,5000,0.25,0.00312988182916626,0.00231934232851376
"vasicek","Wald",0.005,5000,0.25,0.0027795451976105,0.00207277844251299
"vasicek","Wilson",0.005,5000,0.25,0.00303680833495188,0.00220888717570605
"vasicek","Agresti_Coull",0.005,10000,0.01,0.0027865295616027,0.00276162964580186
"vasicek","Clopper_Pearson",0.005,10000,0.01,0.00284208681964066,0.00281792476791382
"vasicek","Wald",0.005,10000,0.01,0.00273328281492345,0.00270927998760578
"vasicek","Wilson",0.005,10000,0.01,0.00275979504783286,0.00273532751861387
"vasicek","Agresti_Coull",0.005,10000,0.05,0.00267097042823852,0.0025615991767626
"vasicek","Clopper_Pearson",0.005,10000,0.05,0.00271981354530836,0.00261425564175374
"vasicek","Wald",0.005,10000,0.05,0.00260928602044252,0.00250482783776211
"vasicek","Wilson",0.005,10000,0.05,0.00264032633505357,0.00253314027134564
"vasicek","Agresti_Coull",0.005,10000,0.1,0.00254029466329415,0.00231149847171206
"vasicek","Clopper_Pearson",0.005,10000,0.1,0.00257924090075744,0.00235870983635083
"vasicek","Wald",0.005,10000,0.1,0.00246370896519696,0.00224810859361671
"vasicek","Wilson",0.005,10000,0.1,0.00250420565312377,0.0022798171621937
"vasicek","Agresti_Coull",0.005,10000,0.2,0.00229014312082505,0.00183257790042044
"vasicek","Clopper_Pearson",0.005,10000,0.2,0.00230834683559772,0.00186508936789335
"vasicek","Wald",0.005,10000,0.2,0.00217105953673256,0.00175129115867185
"vasicek","Wilson",0.005,10000,0.2,0.00224440855410036,0.00179223895210732
"vasicek","Agresti_Coull",0.005,10000,0.25,0.00214999078168655,0.00161047218235236
"vasicek","Clopper_Pearson",0.005,10000,0.25,0.00215706033555706,0.00163304296759331
"vasicek","Wald",0.005,10000,0.25,0.00200355835589521,0.00151704251076819
"vasicek","Wilson",0.005,10000,0.25,0.00209981246048141,0.00156432272437832
"vasicek","Agresti_Coull",0.005,25000,0.01,0.00173760492140239,0.00171976473437169
"vasicek","Clopper_Pearson",0.005,25000,0.01,0.00176628388701446,0.00174858249252992
"vasicek","Wald",0.005,25000,0.01,0.00172405186125467,0.00170637889106157
"vasicek","Wilson",0.005,25000,0.01,0.0017307775923957,0.00171302012193946
"vasicek","Agresti_Coull",0.005,25000,0.05,0.00166196449606685,0.00159484344350425
"vasicek","Clopper_Pearson",0.005,25000,0.05,0.00168894088703986,0.00162273825430536
"vasicek","Wald",0.005,25000,0.05,0.00164634898041495,0.00158033948394991
"vasicek","Wilson",0.005,25000,0.05,0.00165412552228814,0.00158754816660889
"vasicek","Agresti_Coull",0.005,25000,0.1,0.00157097031385949,0.00144224636840884
"vasicek","Clopper_Pearson",0.005,25000,0.1,0.00159520488940271,0.00146879855384415
"vasicek","Wald",0.005,25000,0.1,0.00155183730230798,0.00142611647148467
"vasicek","Wilson",0.005,25000,0.1,0.00156153383008359,0.00143415025226876
"vasicek","Agresti_Coull",0.005,25000,0.2,0.00139830803039586,0.00111757321228479
"vasicek","Clopper_Pearson",0.005,25000,0.2,0.00141494624093386,0.00114004615325543
"vasicek","Wald",0.005,25000,0.2,0.00136663547276227,0.00109650367553273
"vasicek","Wilson",0.005,25000,0.2,0.00138486039999516,0.00110704766723525
"vasicek","Agresti_Coull",0.005,25000,0.25,0.00131542097335536,0.000977290243133048
"vasicek","Clopper_Pearson",0.005,25000,0.25,0.00132759717824431,0.000997149740679368
"vasicek","Wald",0.005,25000,0.25,0.00127446408320355,0.000953053595405963
"vasicek","Wilson",0.005,25000,0.25,0.00129993468592781,0.000965212782703455
"vasicek","Agresti_Coull",0.005,50000,0.01,0.00122693944267742,0.00121634882945457
"vasicek","Clopper_Pearson",0.005,50000,0.01,0.00124294068675785,0.00123240326847693
"vasicek","Wald",0.005,50000,0.01,0.00122215350541349,0.00121162684447326
"vasicek","Wilson",0.005,50000,0.01,0.00122452571216538,0.00121396699919884
"vasicek","Agresti_Coull",0.005,50000,0.05,0.00117716149710154,0.00113072324871053
"vasicek","Clopper_Pearson",0.005,50000,0.05,0.00119257027262953,0.00114646395184262
"vasicek","Wald",0.005,50000,0.05,0.00117165980492649,0.0011256215509689
"vasicek","Wilson",0.005,50000,0.05,0.00117439374132029,0.00112815381269071
"vasicek","Agresti_Coull",0.005,50000,0.1,0.00111831236272137,0.00102312470652839
"vasicek","Clopper_Pearson",0.005,50000,0.1,0.00113271805257818,0.00103839781042262
"vasicek","Wald",0.005,50000,0.1,0.00111157907415079,0.00101745739770449
"vasicek","Wilson",0.005,50000,0.1,0.00111495104341218,0.00102027560972127
"vasicek","Agresti_Coull",0.005,50000,0.2,0.000990565249918329,0.000790611131788834
"vasicek","Clopper_Pearson",0.005,50000,0.2,0.00100183138802253,0.000804442623471828
"vasicek","Wald",0.005,50000,0.2,0.000979182124815916,0.000783201215836925
"vasicek","Wilson",0.005,50000,0.2,0.000985464279933052,0.000786900067435177
"vasicek","Agresti_Coull",0.005,50000,0.25,0.000915200460450168,0.000673498437423515
"vasicek","Clopper_Pearson",0.005,50000,0.25,0.000924437073720135,0.000686226380906202
"vasicek","Wald",0.005,50000,0.25,0.000900137727080162,0.000664754694773279
"vasicek","Wilson",0.005,50000,0.25,0.000909085454172477,0.00066912833302403
"vasicek","Agresti_Coull",0.005,1e+05,0.01,0.000865679165568293,0.000858420816483752
"vasicek","Clopper_Pearson",0.005,1e+05,0.01,0.000874263645327556,0.000867024269746742
"vasicek","Wald",0.005,1e+05,0.01,0.000863985124398541,0.000856749557994703
"vasicek","Wilson",0.005,1e+05,0.01,0.000864824327843512,0.000857577390941895
"vasicek","Agresti_Coull",0.005,1e+05,0.05,0.000829550597611121,0.000797740567519583
"vasicek","Clopper_Pearson",0.005,1e+05,0.05,0.000837920559904682,0.000806232689542551
"vasicek","Wald",0.005,1e+05,0.05,0.000827597722199026,0.00079593463173983
"vasicek","Wilson",0.005,1e+05,0.05,0.000828567219042381,0.000796830493784677
"vasicek","Agresti_Coull",0.005,1e+05,0.1,0.000787225462691295,0.000714015625741899
"vasicek","Clopper_Pearson",0.005,1e+05,0.1,0.00079524931610395,0.000722323627126863
"vasicek","Wald",0.005,1e+05,0.1,0.000784854021681583,0.000711987114757342
"vasicek","Wilson",0.005,1e+05,0.1,0.000786035382217047,0.000712995283548605
"vasicek","Agresti_Coull",0.005,1e+05,0.2,0.000696624107987788,0.000557806465258336
"vasicek","Clopper_Pearson",0.005,1e+05,0.2,0.000703463595078624,0.00056562507410658
"vasicek","Wald",0.005,1e+05,0.2,0.000692655396841675,0.000555186900126929
"vasicek","Wilson",0.005,1e+05,0.2,0.000694752581838435,0.000556492930239631
"vasicek","Agresti_Coull",0.005,1e+05,0.25,0.000636822074456402,0.000466633524855313
"vasicek","Clopper_Pearson",0.005,1e+05,0.25,0.00064275323417064,0.000474015870127703
"vasicek","Wald",0.005,1e+05,0.25,0.000631368084547793,0.000463487349975518
"vasicek","Wilson",0.005,1e+05,0.25,0.000634469756297284,0.000465058692288094
"vasicek","Agresti_Coull",0.01,5000,0.01,0.00555075633235351,0.00550728767597413
"vasicek","Clopper_Pearson",0.01,5000,0.01,0.00566396070271175,0.00562174791151213
"vasicek","Wald",0.01,5000,0.01,0.00544742248028934,0.00540547691392709
"vasicek","Wilson",0.01,5000,0.01,0.00549834347453055,0.005455611874078
"vasicek","Agresti_Coull",0.01,5000,0.05,0.00536264668055671,0.00516886173144264
"vasicek","Clopper_Pearson",0.01,5000,0.05,0.00546473367201321,0.00527707412141726
"vasicek","Wald",0.01,5000,0.05,0.00524548813622976,0.00505942295203257
"vasicek","Wilson",0.01,5000,0.05,0.00530375325595044,0.00511349577776693
"vasicek","Agresti_Coull",0.01,5000,0.1,0.00515981802023873,0.0048057481518477
"vasicek","Clopper_Pearson",0.01,5000,0.1,0.00524691760736021,0.00490629040734372
"vasicek","Wald",0.01,5000,0.1,0.00502147837521679,0.00468694888248062
"vasicek","Wilson",0.01,5000,0.1,0.00509252121481366,0.00474585504213857
"vasicek","Agresti_Coull",0.01,5000,0.2,0.00464695375719209,0.00390095334085763
"vasicek","Clopper_Pearson",0.01,5000,0.2,0.00469404390448781,0.00397613791733795
"vasicek","Wald",0.01,5000,0.2,0.00443142292641402,0.00375120517237296
"vasicek","Wilson",0.01,5000,0.2,0.00456018279276981,0.00382613503647493
"vasicek","Agresti_Coull",0.01,5000,0.25,0.00437309713172369,0.00340111127199123
"vasicek","Clopper_Pearson",0.01,5000,0.25,0.00439898025117987,0.00345633155308297
"vasicek","Wald",0.01,5000,0.25,0.0041087141363522,0.00322695555920968
"vasicek","Wilson",0.01,5000,0.25,0.00427743138052089,0.00331460798017185
"vasicek","Agresti_Coull",0.01,10000,0.01,0.00389904659624209,0.00387790390671612
"vasicek","Clopper_Pearson",0.01,10000,0.01,0.00396831380604925,0.00394764819807427
"vasicek","Wald",0.01,10000,0.01,0.00386247878736984,0.0038419113836888
"vasicek","Wilson",0.01,10000,0.01,0.00388044458666989,0.00385958600836498
"vasicek","Agresti_Coull",0.01,10000,0.05,0.00374163335157705,0.00361648926339499
"vasicek","Clopper_Pearson",0.01,10000,0.05,0.00380674856113221,0.00368381570303339
"vasicek","Wald",0.01,10000,0.05,0.00370000984029979,0.00357755227827309
"vasicek","Wilson",0.01,10000,0.05,0.00372057276328547,0.00359673566464769
"vasicek","Agresti_Coull",0.01,10000,0.1,0.00358757944792565,0.00333386604458212
"vasicek","Clopper_Pearson",0.01,10000,0.1,0.00364639462602221,0.00339816339569337
"vasicek","Wald",0.01,10000,0.1,0.00353787982290634,0.00329124351501235
"vasicek","Wilson",0.01,10000,0.1,0.00356284581760544,0.00331231355133346
"vasicek","Agresti_Coull",0.01,10000,0.2,0.00319842459570467,0.00270601569411271
"vasicek","Clopper_Pearson",0.01,10000,0.2,0.0032405380497405,0.00276135340792637
"vasicek","Wald",0.01,10000,0.2,0.00312165847853507,0.00265250261500697
"vasicek","Wilson",0.01,10000,0.2,0.00316480676449365,0.00267914584527079
"vasicek","Agresti_Coull",0.01,10000,0.25,0.00307849512421548,0.0024083796089823
"vasicek","Clopper_Pearson",0.01,10000,0.25,0.00311088228652527,0.00245783639272479
"vasicek","Wald",0.01,10000,0.25,0.0029811137998848,0.00234771944219769
"vasicek","Wilson",0.01,10000,0.25,0.00304048900695832,0.00237802630485084
"vasicek","Agresti_Coull",0.01,25000,0.01,0.00244837935386905,0.00243650306419293
"vasicek","Clopper_Pearson",0.01,25000,0.01,0.00248057671447522,0.00246881363263936
"vasicek","Wald",0.01,25000,0.01,0.0024390965932564,0.002427356338845
"vasicek","Wilson",0.01,25000,0.01,0.00244364964148671,0.00243184130237609
"vasicek","Agresti_Coull",0.01,25000,0.05,0.0023450338548289,0.00227253085886666
"vasicek","Clopper_Pearson",0.01,25000,0.05,0.00237617073112787,0.0023042316944679
"vasicek","Wald",0.01,25000,0.05,0.00233446766439925,0.0022626427295335
"vasicek","Wilson",0.01,25000,0.05,0.00233967116491698,0.00226750585340385
"vasicek","Agresti_Coull",0.01,25000,0.1,0.00224558645843032,0.00208369399073049
"vasicek","Clopper_Pearson",0.01,25000,0.1,0.00227508971327542,0.00211457799502812
"vasicek","Wald",0.01,25000,0.1,0.00223302668253021,0.00207281378815171
"vasicek","Wilson",0.01,25000,0.1,0.00223925387929024,0.00207818202665891
"vasicek","Agresti_Coull",0.01,25000,0.2,0.00204078793058611,0.00171267326027605
"vasicek","Clopper_Pearson",0.01,25000,0.2,0.0020653681004362,0.00174144219087758
"vasicek","Wald",0.01,25000,0.2,0.00202136513973016,0.00169922825200079
"vasicek","Wilson",0.01,25000,0.2,0.00203167344974731,0.00170589951428583
"vasicek","Agresti_Coull",0.01,25000,0.25,0.00192033026718701,0.00149214751698241
"vasicek","Clopper_Pearson",0.01,25000,0.25,0.00194165752727895,0.00151916884169301
"vasicek","Wald",0.01,25000,0.25,0.00189535754201972,0.00147658569892363
"vasicek","Wilson",0.01,25000,0.25,0.00190952786229002,0.001484331186584
"vasicek","Agresti_Coull",0.01,50000,0.01,0.00172629655053439,0.00171788462409067
"vasicek","Clopper_Pearson",0.01,50000,0.01,0.00174353441199779,0.00173515992988209
"vasicek","Wald",0.01,50000,0.01,0.00172301038003758,0.00171464338387145
"vasicek","Wilson",0.01,50000,0.01,0.00172462131956177,0.00171623193231765
"vasicek","Agresti_Coull",0.01,50000,0.05,0.00166271688420035,0.00161094819851973
"vasicek","Clopper_Pearson",0.01,50000,0.05,0.00167960262771142,0.0016280251076131
"vasicek","Wald",0.01,50000,0.05,0.00165900518249612,0.0016074658306566
"vasicek","Wilson",0.01,50000,0.05,0.00166083088437018,0.00160917718508063
"vasicek","Agresti_Coull",0.01,50000,0.1,0.00158037034004126,0.00147777475446124
"vasicek","Clopper_Pearson",0.01,50000,0.1,0.00159662918005686,0.00149456601067863
"vasicek","Wald",0.01,50000,0.1,0.00157589976176257,0.00147394562595239
"vasicek","Wilson",0.01,50000,0.1,0.00157811001744801,0.00147583323481911
"vasicek","Agresti_Coull",0.01,50000,0.2,0.00142771737588131,0.0011885051169726
"vasicek","Clopper_Pearson",0.01,50000,0.2,0.00144195670536816,0.00120446241600841
"vasicek","Wald",0.01,50000,0.2,0.0014205403727391,0.00118366554134089
"vasicek","Wilson",0.01,50000,0.2,0.00142429669870757,0.00118606520428347
"vasicek","Agresti_Coull",0.01,50000,0.25,0.00133787011481066,0.0010496211757807
"vasicek","Clopper_Pearson",0.01,50000,0.25,0.00135083571511413,0.00106501822410042
"vasicek","Wald",0.01,50000,0.25,0.00132869339651965,0.00104410376071198
"vasicek","Wilson",0.01,50000,0.25,0.00133376065991151,0.00104684620972869
"vasicek","Agresti_Coull",0.01,1e+05,0.01,0.00122391710238842,0.00121482345794374
"vasicek","Clopper_Pearson",0.01,1e+05,0.01,0.00123294441814058,0.00122386071406892
"vasicek","Wald",0.01,1e+05,0.01,0.00122275994144793,0.0012136781694225
"vasicek","Wilson",0.01,1e+05,0.01,0.00122332694446825,0.00121423931008911
"vasicek","Agresti_Coull",0.01,1e+05,0.05,0.00117685552424904,0.00113455862191791
"vasicek","Clopper_Pearson",0.01,1e+05,0.05,0.0011857516596248,0.00114352123435904
"vasicek","Wald",0.01,1e+05,0.05,0.00117553992220499,0.00113332263670157
"vasicek","Wilson",0.01,1e+05,0.05,0.00117618674604568,0.00113392993205857
"vasicek","Agresti_Coull",0.01,1e+05,0.1,0.00113179359639521,0.0010443171308221
"vasicek","Clopper_Pearson",0.01,1e+05,0.1,0.00114048685896145,0.00105318267358121
"vasicek","Wald",0.01,1e+05,0.1,0.00113023308595741,0.00104296334611773
"vasicek","Wilson",0.01,1e+05,0.1,0.00113100330596831,0.00104363046175852
"vasicek","Agresti_Coull",0.01,1e+05,0.2,0.00100806540115807,0.000856646323052861
"vasicek","Clopper_Pearson",0.01,1e+05,0.2,0.00101607091732995,0.000865246740306891
"vasicek","Wald",0.01,1e+05,0.2,0.00100563724426373,0.00085497139075408
"vasicek","Wilson",0.01,1e+05,0.2,0.00100687002314473,0.000855801080375604
"vasicek","Agresti_Coull",0.01,1e+05,0.25,0.000949888156132062,0.000749461512171263
"vasicek","Clopper_Pearson",0.01,1e+05,0.25,0.000957339552079984,0.000757852411909854
"vasicek","Wald",0.01,1e+05,0.25,0.000946676146526319,0.000747533192852193
"vasicek","Wilson",0.01,1e+05,0.25,0.00094838049437251,0.000748490822597536
"vasicek","Agresti_Coull",0.02,5000,0.01,0.00777180500943313,0.00775215224977786
"vasicek","Clopper_Pearson",0.02,5000,0.01,0.00791338171163226,0.00789461069686755
"vasicek","Wald",0.02,5000,0.01,0.00770321655746254,0.00768462663062022
"vasicek","Wilson",0.02,5000,0.01,0.00773613532751997,0.00771700826614772
"vasicek","Agresti_Coull",0.02,5000,0.05,0.00749160799888344,0.00732120457010887
"vasicek","Clopper_Pearson",0.02,5000,0.05,0.00762611503695615,0.00745955591843408
"vasicek","Wald",0.02,5000,0.05,0.00741440508260005,0.00724863261077698
"vasicek","Wilson",0.02,5000,0.05,0.0074517588784915,0.00728363904529688
"vasicek","Agresti_Coull",0.02,5000,0.1,0.00722335170108063,0.00686108799059762
"vasicek","Clopper_Pearson",0.02,5000,0.1,0.00734789233980212,0.00699452341754267
"vasicek","Wald",0.02,5000,0.1,0.00713369734186987,0.00678248588224804
"vasicek","Wilson",0.02,5000,0.1,0.00717767990224593,0.00682062140171289
"vasicek","Agresti_Coull",0.02,5000,0.2,0.0066598384745033,0.00582533030312277
"vasicek","Clopper_Pearson",0.02,5000,0.2,0.00675663684735055,0.00594501315324205
"vasicek","Wald",0.02,5000,0.2,0.00652709310234299,0.00572989965054543
"vasicek","Wilson",0.02,5000,0.2,0.00659911430784394,0.00577674005257411
"vasicek","Agresti_Coull",0.02,5000,0.25,0.00637336156868901,0.0052841720951774
"vasicek","Clopper_Pearson",0.02,5000,0.25,0.00645363623160885,0.00539460173095529
"vasicek","Wald",0.02,5000,0.25,0.00620949141533286,0.00517743991185093
"vasicek","Wilson",0.02,5000,0.25,0.00630456583187585,0.00523011551087749
"vasicek","Agresti_Coull",0.02,10000,0.01,0.00546954087157305,0.00544427352480852
"vasicek","Clopper_Pearson",0.02,10000,0.01,0.00554883965787017,0.00552380787051312
"vasicek","Wald",0.02,10000,0.01,0.00544523411062995,0.00542024841818035
"vasicek","Wilson",0.02,10000,0.01,0.00545688298845467,0.0054317574456094
"vasicek","Agresti_Coull",0.02,10000,0.05,0.00531962446439764,0.00517997649816272
"vasicek","Clopper_Pearson",0.02,10000,0.05,0.00539671433875724,0.00525825126705021
"vasicek","Wald",0.02,10000,0.05,0.00529263644840102,0.00515440568678556
"vasicek","Wilson",0.02,10000,0.05,0.00530565193421085,0.00516671584191893
"vasicek","Agresti_Coull",0.02,10000,0.1,0.00508558475512008,0.00480838771251061
"vasicek","Clopper_Pearson",0.02,10000,0.1,0.00515889053750013,0.00488467490791709
"vasicek","Wald",0.02,10000,0.1,0.00505399132449245,0.00478038229294582
"vasicek","Wilson",0.02,10000,0.1,0.00506936968726857,0.00479395063401422
"vasicek","Agresti_Coull",0.02,10000,0.2,0.0046792038530963,0.00410389753665118
"vasicek","Clopper_Pearson",0.02,10000,0.2,0.00474123981392049,0.00417549143116085
"vasicek","Wald",0.02,10000,0.2,0.00463163041757979,0.0040701595754014
"vasicek","Wilson",0.02,10000,0.2,0.00465664759214428,0.00408667754708562
"vasicek","Agresti_Coull",0.02,10000,0.25,0.00447700471897125,0.0037994575492013
"vasicek","Clopper_Pearson",0.02,10000,0.25,0.00453249237529228,0.00386851019394493
"vasicek","Wald",0.02,10000,0.25,0.00441857326656531,0.00376262245031592
"vasicek","Wilson",0.02,10000,0.25,0.00445101766997669,0.00378072899826558
"vasicek","Agresti_Coull",0.02,25000,0.01,0.00345051488203832,0.00343930901220262
"vasicek","Clopper_Pearson",0.02,25000,0.01,0.00348527491615896,0.00347413253970999
"vasicek","Wald",0.02,25000,0.01,0.00344436080133243,0.00343323094412983
"vasicek","Wilson",0.02,25000,0.01,0.00344730739149699,0.00343613981388179
"vasicek","Agresti_Coull",0.02,25000,0.05,0.00334790383899168,0.0032573276287691
"vasicek","Clopper_Pearson",0.02,25000,0.05,0.00338207625710777,0.00329180321718837
"vasicek","Wald",0.02,25000,0.05,0.00334103753903915,0.00325082291750556
"vasicek","Wilson",0.02,25000,0.05,0.0033443454153527,0.00325395242053433
"vasicek","Agresti_Coull",0.02,25000,0.1,0.00322250811083404,0.00304029385584206
"vasicek","Clopper_Pearson",0.02,25000,0.1,0.00325575582748339,0.00307430432388933
"vasicek","Wald",0.02,25000,0.1,0.00321451796577372,0.00303321989782785
"vasicek","Wilson",0.02,25000,0.1,0.00321839832525614,0.00303664284885623
"vasicek","Agresti_Coull",0.02,25000,0.2,0.00290145197420984,0.00254760417577105
"vasicek","Clopper_Pearson",0.02,25000,0.2,0.00293168677356461,0.0025802849300574
"vasicek","Wald",0.02,25000,0.2,0.00288961360343208,0.00253890802310803
"vasicek","Wilson",0.02,25000,0.2,0.00289558164427025,0.00254316280668005
"vasicek","Agresti_Coull",0.02,25000,0.25,0.00278152946725931,0.00235087064496615
"vasicek","Clopper_Pearson",0.02,25000,0.25,0.00280955565448338,0.00238287300953046
"vasicek","Wald",0.02,25000,0.25,0.00276646693316536,0.0023413490546015
"vasicek","Wilson",0.02,25000,0.25,0.00277442312107024,0.00234602530561108
"vasicek","Agresti_Coull",0.02,50000,0.01,0.00243818151616121,0.00242859583006511
"vasicek","Clopper_Pearson",0.02,50000,0.01,0.00245632849040981,0.00244676373729941
"vasicek","Wald",0.02,50000,0.01,0.00243600486382807,0.00242644417727175
"vasicek","Wilson",0.02,50000,0.01,0.00243704673059009,0.00242747370354042
"vasicek","Agresti_Coull",0.02,50000,0.05,0.0023713554275976,0.00231126437091658
"vasicek","Clopper_Pearson",0.02,50000,0.05,0.00238930653555389,0.00232932045465748
"vasicek","Wald",0.02,50000,0.05,0.0023689415373498,0.00230897562566397
"vasicek","Wilson",0.02,50000,0.05,0.00237010351214872,0.00231007600317976
"vasicek","Agresti_Coull",0.02,50000,0.1,0.00227207371040727,0.00215838169823222
"vasicek","Clopper_Pearson",0.02,50000,0.1,0.00228967310280232,0.00217627530317132
"vasicek","Wald",0.02,50000,0.1,0.00226923405232003,0.0021558941280662
"vasicek","Wilson",0.02,50000,0.1,0.00227061152037766,0.00215709693886735
"vasicek","Agresti_Coull",0.02,50000,0.2,0.00207061903046224,0.0018166545153007
"vasicek","Clopper_Pearson",0.02,50000,0.2,0.00208713025150431,0.00183409314161328
"vasicek","Wald",0.02,50000,0.2,0.00206643594420119,0.00181361199017365
"vasicek","Wilson",0.02,50000,0.2,0.00206851243841251,0.00181509914696472
"vasicek","Agresti_Coull",0.02,50000,0.25,0.00196598179363947,0.00162865857861082
"vasicek","Clopper_Pearson",0.02,50000,0.25,0.00198157999303303,0.00164577007361424
"vasicek","Wald",0.02,50000,0.25,0.00196051876240097,0.00162521822701372
"vasicek","Wilson",0.02,50000,0.25,0.00196335728081308,0.00162690819854262
"vasicek","Agresti_Coull",0.02,1e+05,0.01,0.00172082592679934,0.00171264094379855
"vasicek","Clopper_Pearson",0.02,1e+05,0.01,0.00173016951992629,0.00172199132084351
"vasicek","Wald",0.02,1e+05,0.01,0.00172005471075734,0.00171187780623484
"vasicek","Wilson",0.02,1e+05,0.01,0.00172042385855265,0.0017122429891229
"vasicek","Agresti_Coull",0.02,1e+05,0.05,0.00166952916933447,0.00162964068347939
"vasicek","Clopper_Pearson",0.02,1e+05,0.05,0.00167879903001699,0.00163895132841576
"vasicek","Wald",0.02,1e+05,0.05,0.00166866865987813,0.00162882884529613
"vasicek","Wilson",0.02,1e+05,0.05,0.00166908298596032,0.0016292191847776
"vasicek","Agresti_Coull",0.02,1e+05,0.1,0.00160593298478771,0.00151577622392921
"vasicek","Clopper_Pearson",0.02,1e+05,0.1,0.001615085140394,0.00152502585506642
"vasicek","Wald",0.02,1e+05,0.1,0.00160493008771397,0.0015148897434298
"vasicek","Wilson",0.02,1e+05,0.1,0.00160541634122348,0.00151531851357546
"vasicek","Agresti_Coull",0.02,1e+05,0.2,0.00146952016454534,0.00129862524488938
"vasicek","Clopper_Pearson",0.02,1e+05,0.2,0.00147828248651104,0.00130773098986261
"vasicek","Wald",0.02,1e+05,0.2,0.00146803729634264,0.00129756328035477
"vasicek","Wilson",0.02,1e+05,0.2,0.00146877185248057,0.00129808192583572
"vasicek","Agresti_Coull",0.02,1e+05,0.25,0.00141561719423683,0.0011731536303697
"vasicek","Clopper_Pearson",0.02,1e+05,0.25,0.00142407818024977,0.00118215335795918
"vasicek","Wald",0.02,1e+05,0.25,0.0014137361106493,0.0011719627286979
"vasicek","Wilson",0.02,1e+05,0.25,0.00141469391841461,0.00117254709335706
"vasicek","Agresti_Coull",0.05,5000,0.01,0.0120426909977525,0.01200230082732
"vasicek","Clopper_Pearson",0.05,5000,0.01,0.0122107805771096,0.0121706542163643
"vasicek","Wald",0.05,5000,0.01,0.012006972713805,0.0119668923145661
"vasicek","Wilson",0.05,5000,0.01,0.0120225527496542,0.0119823237525468
"vasicek","Agresti_Coull",0.05,5000,0.05,0.0117422813427421,0.0115904197262367
"vasicek","Clopper_Pearson",0.05,5000,0.05,0.0119072510639008,0.0117569928920348
"vasicek","Wald",0.05,5000,0.05,0.0117027368955009,0.0115527788895032
"vasicek","Wilson",0.05,5000,0.05,0.0117202997235829,0.0115694088163188
"vasicek","Agresti_Coull",0.05,5000,0.1,0.0114343372025511,0.0111725690809694
"vasicek","Clopper_Pearson",0.05,5000,0.1,0.0115949891007993,0.0113372257124691
"vasicek","Wald",0.05,5000,0.1,0.0113894893976725,0.0111325302849502
"vasicek","Wilson",0.05,5000,0.1,0.011409806951447,0.0111504431775509
"vasicek","Agresti_Coull",0.05,5000,0.2,0.0106274058024962,0.010008268040746
"vasicek","Clopper_Pearson",0.05,5000,0.2,0.0107738761134474,0.0101668790822079
"vasicek","Wald",0.05,5000,0.2,0.0105643909056384,0.00996069663464038
"vasicek","Wilson",0.05,5000,0.2,0.0105946292924317,0.00998261320336538
"vasicek","Agresti_Coull",0.05,5000,0.25,0.0102029055596734,0.00926187773219201
"vasicek","Clopper_Pearson",0.05,5000,0.25,0.0103391342513801,0.00941592825827735
"vasicek","Wald",0.05,5000,0.25,0.0101245394498575,0.00920865086671415
"vasicek","Wilson",0.05,5000,0.25,0.0101645141009195,0.00923355110127
"vasicek","Agresti_Coull",0.05,10000,0.01,0.00849623792330047,0.00849072864040618
"vasicek","Clopper_Pearson",0.05,10000,0.01,0.0085849372158305,0.008579564949996
"vasicek","Wald",0.05,10000,0.01,0.00848357540358631,0.00847823059602476
"vasicek","Wilson",0.05,10000,0.01,0.0084890967384328,0.00848366992985751
"vasicek","Agresti_Coull",0.05,10000,0.05,0.00828376845638043,0.00817385553681656
"vasicek","Clopper_Pearson",0.05,10000,0.05,0.00837136577961644,0.00826200703932507
"vasicek","Wald",0.05,10000,0.05,0.00826975590803514,0.0081604992297445
"vasicek","Wilson",0.05,10000,0.05,0.00827597475019098,0.00816639874520558
"vasicek","Agresti_Coull",0.05,10000,0.1,0.00804667527299105,0.00784136661546334
"vasicek","Clopper_Pearson",0.05,10000,0.1,0.00813261552068534,0.00792875065866414
"vasicek","Wald",0.05,10000,0.1,0.00803064012495905,0.00782705083576529
"vasicek","Wilson",0.05,10000,0.1,0.0080378982822548,0.00783346277164922
"vasicek","Agresti_Coull",0.05,10000,0.2,0.00749953387352998,0.00703981154415295
"vasicek","Clopper_Pearson",0.05,10000,0.2,0.00758031785519544,0.00712509689371423
"vasicek","Wald",0.05,10000,0.2,0.00747703269358571,0.00702288326192378
"vasicek","Wilson",0.05,10000,0.2,0.00748772822647947,0.00703068083827019
"vasicek","Agresti_Coull",0.05,10000,0.25,0.00724384683023008,0.00667270459751836
"vasicek","Clopper_Pearson",0.05,10000,0.25,0.00732109869555381,0.00675688493905129
"vasicek","Wald",0.05,10000,0.25,0.00721655046417626,0.00665440649685513
"vasicek","Wilson",0.05,10000,0.25,0.00723002294012422,0.00666292573447994
"vasicek","Agresti_Coull",0.05,25000,0.01,0.00537403350385305,0.00535700213542502
"vasicek","Clopper_Pearson",0.05,25000,0.01,0.00541118009358808,0.00539417047286791
"vasicek","Wald",0.05,25000,0.01,0.00537083419692841,0.0053538282867263
"vasicek","Wilson",0.05,25000,0.01,0.0053722280167186,0.00535521000739156
"vasicek","Agresti_Coull",0.05,25000,0.05,0.00524950355314189,0.00517749437469409
"vasicek","Clopper_Pearson",0.05,25000,0.05,0.00528637796978201,0.00521450758657355
"vasicek","Wald",0.05,25000,0.05,0.00524597129234655,0.00517412616738276
"vasicek","Wilson",0.05,25000,0.05,0.00524753658162137,0.00517561201914257
"vasicek","Agresti_Coull",0.05,25000,0.1,0.00506680759191504,0.00493565621666836
"vasicek","Clopper_Pearson",0.05,25000,0.1,0.00510323686935932,0.00497244580325004
"vasicek","Wald",0.05,25000,0.1,0.00506273156544033,0.00493200854461177
"vasicek","Wilson",0.05,25000,0.1,0.00506457628751229,0.00493364350683992
"vasicek","Agresti_Coull",0.05,25000,0.2,0.00470961575663446,0.00442654983806774
"vasicek","Clopper_Pearson",0.05,25000,0.2,0.00474470950611148,0.00446280218389598
"vasicek","Wald",0.05,25000,0.2,0.00470388495712216,0.00442223381897153
"vasicek","Wilson",0.05,25000,0.2,0.00470659465901158,0.00442422276105885
"vasicek","Agresti_Coull",0.05,25000,0.25,0.0045130380462577,0.00408202710137482
"vasicek","Clopper_Pearson",0.05,25000,0.25,0.004547146391001,0.00411785099678361
"vasicek","Wald",0.05,25000,0.25,0.00450605452319363,0.00407718067128804
"vasicek","Wilson",0.05,25000,0.25,0.00450944187334963,0.00407944829508516
"vasicek","Agresti_Coull",0.05,50000,0.01,0.00379716997937965,0.00379488980799507
"vasicek","Clopper_Pearson",0.05,50000,0.01,0.00381616067481349,0.00381389213728909
"vasicek","Wald",0.05,50000,0.01,0.00379603773242824,0.00379377151473874
"vasicek","Wilson",0.05,50000,0.01,0.00379653103009481,0.00379425787439476
"vasicek","Agresti_Coull",0.05,50000,0.05,0.00370446650735024,0.00366594781781032
"vasicek","Clopper_Pearson",0.05,50000,0.05,0.00372335793046282,0.00368489459712186
"vasicek","Wald",0.05,50000,0.05,0.00370321280412527,0.00366475992454786
"vasicek","Wilson",0.05,50000,0.05,0.00370376864843625,0.0036652835708374
"vasicek","Agresti_Coull",0.05,50000,0.1,0.00358757755797839,0.00350164597149759
"vasicek","Clopper_Pearson",0.05,50000,0.1,0.0036063177415512,0.00352051711068418
"vasicek","Wald",0.05,50000,0.1,0.0035861393156969,0.00350036354642354
"vasicek","Wilson",0.05,50000,0.1,0.0035867897691035,0.00350093762921493
"vasicek","Agresti_Coull",0.05,50000,0.2,0.00331898660279639,0.00309575208089759
"vasicek","Clopper_Pearson",0.05,50000,0.2,0.00333725285522256,0.00311440775473132
"vasicek","Wald",0.05,50000,0.2,0.00331697171526952,0.0030942016961688
"vasicek","Wilson",0.05,50000,0.2,0.00331791665747819,0.00309491760531377
"vasicek","Agresti_Coull",0.05,50000,0.25,0.00324858443995727,0.0029693179399149
"vasicek","Clopper_Pearson",0.05,50000,0.25,0.00326654814044165,0.00298789622584349
"vasicek","Wald",0.05,50000,0.25,0.00324619846078965,0.00296767172370312
"vasicek","Wilson",0.05,50000,0.25,0.00324733504308585,0.00296843799842765
"vasicek","Agresti_Coull",0.05,1e+05,0.01,0.00268642444057354,0.00268080193074642
"vasicek","Clopper_Pearson",0.05,1e+05,0.01,0.00269606786579851,0.00269044879413115
"vasicek","Wald",0.05,1e+05,0.01,0.00268602433939852,0.00268040590733722
"vasicek","Wilson",0.05,1e+05,0.01,0.00268619860953028,0.00268057819174727
"vasicek","Agresti_Coull",0.05,1e+05,0.05,0.00262502073990964,0.0025855949655271
"vasicek","Clopper_Pearson",0.05,1e+05,0.05,0.00263463031318422,0.0025952212650372
"vasicek","Wald",0.05,1e+05,0.05,0.00262457924562044,0.00258517318119814
"vasicek","Wilson",0.05,1e+05,0.05,0.00262477480848926,0.00258535926226026
"vasicek","Agresti_Coull",0.05,1e+05,0.1,0.00253143684879917,0.00245068461204918
"vasicek","Clopper_Pearson",0.05,1e+05,0.1,0.00254099013089197,0.00246027952964951
"vasicek","Wald",0.05,1e+05,0.1,0.00253092661093727,0.00245022362526548
"vasicek","Wilson",0.05,1e+05,0.1,0.00253115746076941,0.00245043060629807
"vasicek","Agresti_Coull",0.05,1e+05,0.2,0.00237145350682775,0.00222055974055207
"vasicek","Clopper_Pearson",0.05,1e+05,0.2,0.00238085241344789,0.00223009380217071
"vasicek","Wald",0.05,1e+05,0.2,0.0023707556922581,0.00222002306725126
"vasicek","Wilson",0.05,1e+05,0.2,0.00237108204487342,0.00222027010865561
"vasicek","Agresti_Coull",0.05,1e+05,0.25,0.00227093132979371,0.00206533467246177
"vasicek","Clopper_Pearson",0.05,1e+05,0.25,0.00228018885533822,0.00207482115390947
"vasicek","Wald",0.05,1e+05,0.25,0.00227005826933268,0.00206473908640774
"vasicek","Wilson",0.05,1e+05,0.25,0.00227047614428956,0.00206501708150789
